fb11da138decb8c418a847dffef677dc,E:\百度云盘3\apps
d41d8cd98f00b204e9800998ecf8427e,E:\百度云盘3\YYD\2016.08,E:\百度云盘3\YYD\2017.09,E:\百度云盘3\YYD\2017.11.20\.Gif,E:\百度云盘3\YYD\2017.11.20\.tmfs\103524201,E:\百度云盘3\YYD\2017.11.20\.tmfs\1635328017,E:\百度云盘3\YYD\新建文件夹,E:\百度云盘3\YYD\皂片、\2015.09.02-玛雅水上乐园,E:\百度云盘3\YYD\视频,E:\百度云盘3\apps\baidu_shurufa,E:\百度云盘3\apps\moretv\私密,E:\百度云盘3\apps\wp2pcs,E:\百度云盘3\apps\zqqian123,E:\百度云盘3\apps\百度校园云编译竞赛平台,E:\百度云盘3\test,E:\百度云盘3\助教工作材料\Solution Manual - Microelectronics; Circuit Analysis & Desing 3rd Edition,E:\百度云盘3\华科PPT模板合集,E:\百度云盘3\学习资料\大学本科\大1\公开课,E:\百度云盘3\学习资料\大学本科\大2下\数字电路\数电资料_42811\电工实习上机,E:\百度云盘3\学习资料\大学本科\大2下\数字电路\电工实习上机,E:\百度云盘3\小米路由备份,E:\百度云盘3\我的资源\代码167全,E:\百度云盘3\找工作,E:\百度云盘3\文档\文档\2队,E:\百度云盘3\文档\文档\收藏,E:\百度云盘3\来自：MI 9\DCIM\Alipay,E:\百度云盘3\来自：MI 9\DCIM\Camera,E:\百度云盘3\来自：MI 9\DCIM\Ehai,E:\百度云盘3\来自：MI 9\DCIM\ScreenRecorder,E:\百度云盘3\来自：MI 9\DCIM\Screenshots,E:\百度云盘3\来自：MI 9\DCIM\TmallPic,E:\百度云盘3\来自：MI 9\DCIM\WeixinWork,E:\百度云盘3\来自：MI 9\QQ_Images,E:\百度云盘3\来自：小度设备\小度在家（107249872）\相册\手机相册,E:\百度云盘3\来自：小度设备\小度在家（107249872）\相册\设备相册,E:\百度云盘3\来自：微信备份\微信图片备份,E:\百度云盘3\来自：微信备份\微信视频备份,E:\百度云盘3\毕业材料\2015级学硕毕业通知及提交表格,E:\百度云盘3\毕业材料\degreeMas(Engineer),E:\百度云盘3\毕业材料\pdf,E:\百度云盘3\毕业材料\ppt,E:\百度云盘3\毕业材料\word,E:\百度云盘3\毕业材料\专利,E:\百度云盘3\毕业材料\参考文献,E:\百度云盘3\毕业材料\参考材料\关于报送2017年（6月）学位材料的通知\涉密表,E:\百度云盘3\毕业材料\参考材料\关于报送2017年（6月）学位材料的通知\电子版模版,E:\百度云盘3\毕业材料\参考材料\历届论文,E:\百度云盘3\毕业材料\参考材料\开题需要交的材料,E:\百度云盘3\毕业材料\学位申请材料,E:\百度云盘3\毕业材料\数据\12.22-1305\result12.22-1305,E:\百度云盘3\毕业材料\数据\12.24-1703\data12.24-1703,E:\百度云盘3\毕业材料\数据\12.24-1703\result12.24-1703,E:\百度云盘3\毕业材料\数据\12.27-2131\data,E:\百度云盘3\毕业材料\数据\12.27-2131\result,E:\百度云盘3\毕业材料\数据\12.28-2157\data,E:\百度云盘3\毕业材料\数据\12.28-2157\result,E:\百度云盘3\毕业材料\数据\12.29-1044\data,E:\百度云盘3\毕业材料\数据\12.29-1044\result,E:\百度云盘3\毕业材料\数据\12.29-1208\data,E:\百度云盘3\毕业材料\数据\12.29-1208\result,E:\百度云盘3\毕业材料\数据\bin,E:\百度云盘3\毕业材料\数据\data,E:\百度云盘3\毕业材料\数据\data12.20,E:\百度云盘3\毕业材料\数据\data12.21-20.40,E:\百度云盘3\毕业材料\数据\flag,E:\百度云盘3\毕业材料\数据\result,E:\百度云盘3\毕业材料\杜山,E:\百度云盘3\毕业材料\查重结果,E:\百度云盘3\毕业材料\画图\原图,E:\百度云盘3\毕业材料\画图\原始图,E:\百度云盘3\毕业材料\论文撰写规范,E:\百度云盘3\毕业材料\资料,E:\百度云盘3\漫画\天降之物曼画·全年龄向·防恶意举报\全集打包,E:\百度云盘3\漫画\天降之物音乐集\そらのおとしものFinal～永远の私の鸟笼剧场版公开纪念,E:\百度云盘3\漫画\天降之物音乐集\天降之物 广播剧 1-4 合集,E:\百度云盘3\漫画\天降之物音乐集\天降之物全部音乐无损打包,E:\百度云盘3\视频\其他,E:\百度云盘3\视频\动漫\Re：ゼロから始める異世界生活,E:\百度云盘3\视频\动漫\fate\[FLsnow][Fate_stay_night][blu-ray_BOX][1080p],E:\百度云盘3\视频\动漫\fate\[SumiSora&MAGI_ATELIER&CASO][Fate_Stay_Night_Unlimited_Blade_Works][BDRip],E:\百度云盘3\视频\动漫\fate\fate1080P\[FLsnow][Fate_stay_night][blu-ray_BOX][1080p],E:\百度云盘3\视频\动漫\fate\fate剧场版1080P（外挂字幕）,E:\百度云盘3\视频\动漫\fate\魔法少女伊莉雅\第一季\[アニメ BD] Fate Kaleid liner プリズマ☆イリヤ 全11話(OVA含む)+CDs+Scans(1920x1080 x264 10bit AAC／ALAC chap @Yurichan.org),E:\百度云盘3\视频\动漫\只有神知道的世界合集【BDrip720P】\OVA,E:\百度云盘3\视频\动漫\只有神知道的世界合集【BDrip720P】\第一季,E:\百度云盘3\视频\动漫\只有神知道的世界合集【BDrip720P】\第三季,E:\百度云盘3\视频\动漫\只有神知道的世界合集【BDrip720P】\第二季,E:\百度云盘3\视频\动漫\妄想学生会\[简繁外挂]第一季OVA&OAD合集【BDRip】,E:\百度云盘3\视频\动漫\妄想学生会\第二季,E:\百度云盘3\视频\动漫\火影忍者,E:\百度云盘3\视频\极度推荐\东京喰种,E:\百度云盘3\视频\极度推荐\命运石之门,E:\百度云盘3\视频\极度推荐\哈利波特,E:\百度云盘3\视频\电影\2011.08.28.Stay.2005.BluRay.720p.x264.DTS.MySilu,E:\百度云盘3\视频\电影\59,E:\百度云盘3\视频\电影\A.Chinese.Odyssey.I.II.1994.BluRay.720p.Flac.DD.2Audio.x264-OnlyHD\A.Chinese.Odyssey.I.1994.BluRay.720p.Flac.DD.2Audio.x264-OnlyHD,E:\百度云盘3\视频\电影\A.Chinese.Odyssey.I.II.1994.BluRay.720p.Flac.DD.2Audio.x264-OnlyHD\A.Chinese.Odyssey.II.1994.BluRay.720p.Flac.DD.2Audio.x264-OnlyHD,E:\百度云盘3\视频\电影\Collateral.2004.720p.BluRay.x264.AAC-iHD,E:\百度云盘3\视频\电影\Donnie.Darko.2001.DC.Bluray.iPad.720p.AAC.x264-CHDPAD,E:\百度云盘3\视频\电影\Fantastic.Four.I-II.BluRay.iPad.720p.AAC.x264-CHDPAD,E:\百度云盘3\视频\电影\Her.2013.BluRay.iPad.720p.AAC.x264-CHDPAD,E:\百度云盘3\视频\电影\X-Men.United.2003.BluRay.iPad.720p.x264.AAC-BYRPAD,E:\百度云盘3\视频\电影\宇宙：时空之旅,E:\百度云盘3\视频\电影\新建文件夹,E:\百度云盘3\视频\疯狂来往\mpFile,E:\百度云盘3\视频\美剧\24小时\第1季,E:\百度云盘3\视频\美剧\24小时\第2季,E:\百度云盘3\视频\美剧\24小时\第3季,E:\百度云盘3\视频\美剧\Person of Interest\Person.of.Interest.S04.720p.HDTV.X264-BTN,E:\百度云盘3\视频\美剧\Person of Interest\第1季,E:\百度云盘3\视频\美剧\Person of Interest\第2季,E:\百度云盘3\视频\美剧\Person of Interest\第3季,E:\百度云盘3\视频\美剧\poi第三季,E:\百度云盘3\视频\美剧\末日孤舰\The.Last.Ship.S02E05.720p.HDTV.X264-DIMENSION[rarbg],E:\百度云盘3\视频\美剧\末日孤舰\The.Last.Ship.S02E06.720p.HDTV.X264-DIMENSION[rarbg],E:\百度云盘3\视频\美剧\末日孤舰\The.Last.Ship.S02E07.720p.HDTV.X264-DIMENSION[rarbg],E:\百度云盘3\视频\美剧\末日孤舰\The.Last.Ship.S02E08.720p.HDTV.X264-DIMENSION[rarbg],E:\百度云盘3\视频\美剧\末日孤舰\The.Last.Ship.S02E09.720p.HDTV.X264-DIMENSION[rarbg],E:\百度云盘3\视频\美剧\末日孤舰\The.Last.Ship.S02E10.720p.HDTV.X264-DIMENSION[rarbg],E:\百度云盘3\视频\美剧\末日孤舰\The.Last.Ship.S02E11.720p.HDTV.X264-DIMENSION[rarbg],E:\百度云盘3\视频\美剧\末日孤舰\The.Last.Ship.S02E12.720p.HDTV.X264-DIMENSION[rarbg],E:\百度云盘3\视频\美剧\末日孤舰\The.Last.Ship.S02E13.720p.HDTV.X264-DIMENSION[rarbg],E:\百度云盘3\视频\美剧\秘密行动组\第四季,E:\百度云盘3\视频\美剧\血族,E:\百度云盘3\视频\美剧\风骚律师,E:\百度云盘3\视频\走向共和,E:\百度云盘3\证件
a6a4a0c8685d7b7518cc7ee9f72d3069,E:\百度云盘3\YYD
74be16979710d4c4e7c6647856088456,E:\百度云盘3\YYD\皂片、,E:\百度云盘3\apps\moretv,E:\百度云盘3\助教工作材料,E:\百度云盘3\学习资料\慕课网\11 双剑合璧Laravel，AngularJS全栈开发知乎\第一章 课程介绍,E:\百度云盘3\我的资源,E:\百度云盘3\毕业材料\数据\12.22-1305,E:\百度云盘3\漫画\终末,E:\百度云盘3\视频\动漫\fate\fate1080P,E:\百度云盘3\视频\动漫\fate\fate720P\Fate stay night (BD 1280x720 AVC AAC),E:\百度云盘3\视频\动漫\fate\魔法少女伊莉雅\第一季,E:\百度云盘3\视频\疯狂来往,E:\百度云盘3\视频\美剧\秘密行动组
843838e3650ad1a5ad79202fecaee9c1,E:\百度云盘3\学习资料
871cf74cee8dbabaf3cc904a2e2869af,E:\百度云盘3\文档
a6a86447cab10838b6bf12c39185a9b0,E:\百度云盘3\来自：MI 9
dc6ede38275f188e4e19da221e6e0808,E:\百度云盘3\来自：小度设备
3710b052a5d57d0339527b2862918ca9,E:\百度云盘3\YYD\2017.11.20\.tmfs,E:\百度云盘3\来自：小度设备\小度在家（107249872）\相册,E:\百度云盘3\来自：微信备份,E:\百度云盘3\毕业材料\参考材料\关于报送2017年（6月）学位材料的通知,E:\百度云盘3\毕业材料\数据\12.24-1703,E:\百度云盘3\毕业材料\数据\12.27-2131,E:\百度云盘3\毕业材料\数据\12.28-2157,E:\百度云盘3\毕业材料\数据\12.29-1044,E:\百度云盘3\毕业材料\数据\12.29-1208,E:\百度云盘3\毕业材料\画图,E:\百度云盘3\视频\动漫\妄想学生会,E:\百度云盘3\视频\电影\A.Chinese.Odyssey.I.II.1994.BluRay.720p.Flac.DD.2Audio.x264-OnlyHD
ad1704f1a38b7f57868632236dab3f40,E:\百度云盘3\毕业材料
c30a03b5de2f45796ba3f2af86ee5cff,E:\百度云盘3\漫画
08214303278f06a389695ff8b4d84bc9,E:\百度云盘3\视频
9fe17244e86117c7e0c965a0c863c769,E:\百度云盘3\软件
4f1d5a30734a3adf706a3d7104169b89,E:\百度云盘3\YYD\2017.11.20
bfb5e1b0cedae9b0f85467761ce218b8,E:\百度云盘3\学习资料\learningfromdata_book
523953b555b32daecaa19586793d44fb,E:\百度云盘3\学习资料\Linux网络编程
eceb9b13c8ab611e2cd6eb92182a0eef,E:\百度云盘3\学习资料\多媒体
f79417e364c4b6f436a03c1087a1c01f,E:\百度云盘3\学习资料\大学本科
0317a660bba21aef2df00d14bc6f3a2d,E:\百度云盘3\学习资料\慕课网
61ac196ae4e28beae31e7d1399b8ced6,E:\百度云盘3\学习资料\斯坦福公开课-机器学习
fc3158c5be64c95236ead566a872d50e,E:\百度云盘3\学习资料\机器学习作业
4a0a221be6bc75a579193b03b50c58cc,E:\百度云盘3\学习资料\研究生
98d4a3cd5f81c8eb1b37e695d832cc39,E:\百度云盘3\学习资料\论文
00db837f4718aceff08de956d1cd2a62,E:\百度云盘3\学习资料\Linux网络编程\推荐书
4613fdb5b8478c4d60573b0b3f409ae1,E:\百度云盘3\学习资料\Linux网络编程\推荐书\C++学习全程书籍中英文pdf
44a8658e063e424e100556dcf4e1549b,E:\百度云盘3\学习资料\Linux网络编程\推荐书\操作系统_网络类
bf210af99ce80b89aa944bb34883a289,E:\百度云盘3\学习资料\Linux网络编程\推荐书\熟悉环境类
d92a62cc942ebb9399009bdd95651601,E:\百度云盘3\学习资料\Linux网络编程\推荐书\程序员该读的十本书
b16ad1b822b52bfd35c9d6aa99f4c68a,E:\百度云盘3\学习资料\Linux网络编程\推荐书\算法类
52c33827dff1bfcb5496b6accb5b1850,E:\百度云盘3\学习资料\Linux网络编程\推荐书\C++学习全程书籍中英文pdf\C++Primer(第4版)
104920b7d1dfdadb0ca6446f870038d2,E:\百度云盘3\学习资料\Linux网络编程\推荐书\C++学习全程书籍中英文pdf\C++沉思录
7fd0be45105ba0da311f5252dafac5b2,E:\百度云盘3\学习资料\Linux网络编程\推荐书\C++学习全程书籍中英文pdf\C程序设计语言
c5f4ffbb74818ecea9589367ef7b8c10,E:\百度云盘3\学习资料\Linux网络编程\推荐书\C++学习全程书籍中英文pdf\Effective STL
9b71cc97ecf457da4d3095352e663444,E:\百度云盘3\学习资料\Linux网络编程\推荐书\C++学习全程书籍中英文pdf\effective_c++
d5824a3cc5d88b9629d17df9b98d4cbe,E:\百度云盘3\学习资料\Linux网络编程\推荐书\C++学习全程书籍中英文pdf\Essential C++
f8a801f5a20e35f08d6639be1f6c3dd6,E:\百度云盘3\学习资料\Linux网络编程\推荐书\C++学习全程书籍中英文pdf\Exceptional C++
96f3fe6aa00b539a44c2fe6171ea41b9,E:\百度云盘3\学习资料\Linux网络编程\推荐书\C++学习全程书籍中英文pdf\Inside the C++Object Model
3e8fba6b71d1f235ca55fb09ea4b754d,E:\百度云盘3\学习资料\Linux网络编程\推荐书\C++学习全程书籍中英文pdf\Modern C++ Design
4a9ade67d35e02fc5656b8a7176b6ee1,E:\百度云盘3\学习资料\Linux网络编程\推荐书\C++学习全程书籍中英文pdf\More Effective C++
bfd38993405adce97e2fda77a5ff26ed,E:\百度云盘3\学习资料\Linux网络编程\推荐书\C++学习全程书籍中英文pdf\More Exceptional C++
aaa51e5de362dcc0c9b2fbc52bb8ee21,E:\百度云盘3\学习资料\Linux网络编程\推荐书\C++学习全程书籍中英文pdf\The C++ Programming Language
f091ad6e30060fadf6bf47c2a30e0b69,E:\百度云盘3\学习资料\Linux网络编程\推荐书\C++学习全程书籍中英文pdf\The Design And Evolution Of C++
75c38bafc3b71764f49664ed1f4e3049,E:\百度云盘3\学习资料\Linux网络编程\推荐书\C++学习全程书籍中英文pdf\The Practice of Programming
60117e8a29fb59edb13cf6c889968861,E:\百度云盘3\学习资料\Linux网络编程\推荐书\C++学习全程书籍中英文pdf\Thinking in c++
6cf59bcb6e6f4e11b608da7eee598b77,E:\百度云盘3\学习资料\Linux网络编程\推荐书\C++学习全程书籍中英文pdf\C++Primer(第4版)\MS_files
15e1db9160e855b5b1a44dea968c6861,E:\百度云盘3\学习资料\Linux网络编程\推荐书\C++学习全程书籍中英文pdf\C++Primer(第4版)\MS_files\1
738d79538544580b842b65b53f388dca,E:\百度云盘3\学习资料\Linux网络编程\推荐书\C++学习全程书籍中英文pdf\C++Primer(第4版)\MS_files\10
d514b345ff0f555c6703913e2edb4827,E:\百度云盘3\学习资料\Linux网络编程\推荐书\C++学习全程书籍中英文pdf\C++Primer(第4版)\MS_files\11
071c8f8733dbe426604104453182f4a5,E:\百度云盘3\学习资料\Linux网络编程\推荐书\C++学习全程书籍中英文pdf\C++Primer(第4版)\MS_files\12
c45ccde7b6fec88e1f1a71acc69cb6b5,E:\百度云盘3\学习资料\Linux网络编程\推荐书\C++学习全程书籍中英文pdf\C++Primer(第4版)\MS_files\13
02ab02d1a873817aafea692f931a0d47,E:\百度云盘3\学习资料\Linux网络编程\推荐书\C++学习全程书籍中英文pdf\C++Primer(第4版)\MS_files\14
9d5196e5e982d7f4976456e063da4fa5,E:\百度云盘3\学习资料\Linux网络编程\推荐书\C++学习全程书籍中英文pdf\C++Primer(第4版)\MS_files\15
8104b1fafb774768936d423a9a6492e3,E:\百度云盘3\学习资料\Linux网络编程\推荐书\C++学习全程书籍中英文pdf\C++Primer(第4版)\MS_files\16
80df207b15c4100f5c43c58707492d68,E:\百度云盘3\学习资料\Linux网络编程\推荐书\C++学习全程书籍中英文pdf\C++Primer(第4版)\MS_files\17
f13f8f792231800daf2cec19fc266cd9,E:\百度云盘3\学习资料\Linux网络编程\推荐书\C++学习全程书籍中英文pdf\C++Primer(第4版)\MS_files\18
b35e19f1e8a73e11d78f6bac42d2e581,E:\百度云盘3\学习资料\Linux网络编程\推荐书\C++学习全程书籍中英文pdf\C++Primer(第4版)\MS_files\2
3ef030131ecd5d04962dbe9a74340ecc,E:\百度云盘3\学习资料\Linux网络编程\推荐书\C++学习全程书籍中英文pdf\C++Primer(第4版)\MS_files\3
3b25c4b92fe7b78512f5fd5971c1bd46,E:\百度云盘3\学习资料\Linux网络编程\推荐书\C++学习全程书籍中英文pdf\C++Primer(第4版)\MS_files\4
bdf93a5a319bc30f2657116bf718be2d,E:\百度云盘3\学习资料\Linux网络编程\推荐书\C++学习全程书籍中英文pdf\C++Primer(第4版)\MS_files\5
dc11bd1762c4b6acfb7864b407513586,E:\百度云盘3\学习资料\Linux网络编程\推荐书\C++学习全程书籍中英文pdf\C++Primer(第4版)\MS_files\6
cae01c483ac09b90ec9fe0d032f0718f,E:\百度云盘3\学习资料\Linux网络编程\推荐书\C++学习全程书籍中英文pdf\C++Primer(第4版)\MS_files\7
fe4939f9a80914854d03a2855e0086a5,E:\百度云盘3\学习资料\Linux网络编程\推荐书\C++学习全程书籍中英文pdf\C++Primer(第4版)\MS_files\8
c3cf037b71d7c2c59156bbb9065d3f72,E:\百度云盘3\学习资料\Linux网络编程\推荐书\C++学习全程书籍中英文pdf\C++Primer(第4版)\MS_files\9
7cda3ad55eaa3a5d3c1bcaa332eb9590,E:\百度云盘3\学习资料\Linux网络编程\推荐书\C++学习全程书籍中英文pdf\C++Primer(第4版)\MS_files\1\data
33a4b2846cb594f02358c96e72f67d1a,E:\百度云盘3\学习资料\Linux网络编程\推荐书\C++学习全程书籍中英文pdf\C++Primer(第4版)\MS_files\10\data
185a91bffb0283b75d8ab085b1240563,E:\百度云盘3\学习资料\Linux网络编程\推荐书\C++学习全程书籍中英文pdf\C++Primer(第4版)\MS_files\11\data
12433d661e5a54209829d3c20a5d3974,E:\百度云盘3\学习资料\Linux网络编程\推荐书\C++学习全程书籍中英文pdf\C++Primer(第4版)\MS_files\13\old
8a77260083494484e2b2070a5c9131cd,E:\百度云盘3\学习资料\Linux网络编程\推荐书\C++学习全程书籍中英文pdf\C++Primer(第4版)\MS_files\14\data
c9a9f7ec37cffb49473c77d1c0713386,E:\百度云盘3\学习资料\Linux网络编程\推荐书\C++学习全程书籍中英文pdf\C++Primer(第4版)\MS_files\15\data
328f4a1319cb89b571b6f11155117d45,E:\百度云盘3\学习资料\Linux网络编程\推荐书\C++学习全程书籍中英文pdf\C++Primer(第4版)\MS_files\16\data
8be52c50236d366bac6d01ac84dfea23,E:\百度云盘3\学习资料\Linux网络编程\推荐书\C++学习全程书籍中英文pdf\C++Primer(第4版)\MS_files\17\data
b68958531cb107e138f75a2f9b335ec8,E:\百度云盘3\学习资料\Linux网络编程\推荐书\C++学习全程书籍中英文pdf\C++Primer(第4版)\MS_files\3\data
b8a4d6e3ad774ee76fa1bee55c1fff28,E:\百度云盘3\学习资料\Linux网络编程\推荐书\C++学习全程书籍中英文pdf\C++Primer(第4版)\MS_files\5\data
7cd958dc5f4df74fe206868141511e11,E:\百度云盘3\学习资料\Linux网络编程\推荐书\C++学习全程书籍中英文pdf\C++Primer(第4版)\MS_files\6\data
fe60642399f485dfb6f706eee9cb811d,E:\百度云盘3\学习资料\Linux网络编程\推荐书\C++学习全程书籍中英文pdf\C++Primer(第4版)\MS_files\7\data
d223509f2e6bef482a4e3fdcde976226,E:\百度云盘3\学习资料\Linux网络编程\推荐书\C++学习全程书籍中英文pdf\C++Primer(第4版)\MS_files\8\data
ab3c9f6e84640a16bf3acc4992ace2ff,E:\百度云盘3\学习资料\多媒体\18组_M201571693_肖勤邦
ff52cef150992349d3bf6cc1934baf09,E:\百度云盘3\学习资料\多媒体\多媒体作业（张悦小组 ）（Workshops269,270,272,278）
c22b08af563f38b81d40c0614ba60447,E:\百度云盘3\学习资料\多媒体\多媒体作业（张悦小组 ）（Workshops269,270,272,278）\张世清_M201471706(Workshops 272)
43146645e25197980b669aca64d521a0,E:\百度云盘3\学习资料\多媒体\多媒体作业（张悦小组 ）（Workshops269,270,272,278）\张悦_M201471914(Workshops 269)
31ee16baf438302a967bce29114b5b3e,E:\百度云盘3\学习资料\多媒体\多媒体作业（张悦小组 ）（Workshops269,270,272,278）\王康月_M201471906(Workshops 270)
6a54998366a72c50405f8b08758eb589,E:\百度云盘3\学习资料\多媒体\多媒体作业（张悦小组 ）（Workshops269,270,272,278）\程亚运-D201477493(Workshops 278)
8758a48a90466137bf38a8d83202ab55,E:\百度云盘3\学习资料\大学本科\大1
bba1d6cabe2edc585d90e65f3bc9a43e,E:\百度云盘3\学习资料\大学本科\大2上
7521f7c13cd92255828eafb30ec990cb,E:\百度云盘3\学习资料\大学本科\大2下
82baa6ed1a6da78e76f65de51b839aaf,E:\百度云盘3\学习资料\大学本科\大3上
5a3312a5ebe380e1f8a0ff816cc9641a,E:\百度云盘3\学习资料\大学本科\大3下
4b6184d5ef855cdd6c097f416e0ea549,E:\百度云盘3\学习资料\大学本科\大1\信息技术导论
e012b47fdde55febb10457794f013245,E:\百度云盘3\学习资料\大学本科\大1\计算机基础
2fcde1faae2de2aece2727d5414b4795,E:\百度云盘3\学习资料\大学本科\大1\语文
e7b2c3ee068ca898a7de4c6deff042b0,E:\百度云盘3\学习资料\大学本科\大2上\复变函数
a9be695b61296a088e171aa2a94d5c26,E:\百度云盘3\学习资料\大学本科\大2上\大学物理
09d871bde50579b0dd7cda6fbf61a06f,E:\百度云盘3\学习资料\大学本科\大2上\模电
beace9e645331060ddc61f168c175f74,E:\百度云盘3\学习资料\大学本科\大2上\毛概
826436bac44c37b0fa8de03c3b480ff0,E:\百度云盘3\学习资料\大学本科\大2上\电子线路测试
7b23736231d6428959412b8e942837ce,E:\百度云盘3\学习资料\大学本科\大2上\电子线路设计
bc241e53d3dc088d59e634198d2bed7e,E:\百度云盘3\学习资料\大学本科\大2上\复变函数\复变
1a84df1c893a2336800b6d026f701c77,E:\百度云盘3\学习资料\大学本科\大2上\模电\Solution Manual - Microelectronics; Circuit Analysis & Desing 3rd Edition
bad5c5b62703060f3fa6e0ff076c5919,E:\百度云盘3\学习资料\大学本科\大2上\模电\模电
7c61300b22aa623ee0d44e3af932c4c1,E:\百度云盘3\学习资料\大学本科\大2上\模电\模电 邓天平
2f961beb8fb77d3707d29a8cf9a94fef,E:\百度云盘3\学习资料\大学本科\大2上\模电\模电 邓天平\ch1
f381dc674da1747f03628d366651ac3e,E:\百度云盘3\学习资料\大学本科\大2上\模电\模电 邓天平\ch10
e739e5e4f659136ac6c891f77978b8e0,E:\百度云盘3\学习资料\大学本科\大2上\模电\模电 邓天平\ch11
dccf39f5a5d5207f3aebf16a0b9d1a66,E:\百度云盘3\学习资料\大学本科\大2上\模电\模电 邓天平\ch12
8977b4a617b3ac741cb155b6bdd83f31,E:\百度云盘3\学习资料\大学本科\大2上\模电\模电 邓天平\ch13
459cf6f88db6ce011c2f36189ac0f78f,E:\百度云盘3\学习资料\大学本科\大2上\模电\模电 邓天平\ch15
11b300d5dbd8b999c2e3b3ef9dc064a2,E:\百度云盘3\学习资料\大学本科\大2上\模电\模电 邓天平\ch2
ee7ef69ac92145eabcef76934c6a2a19,E:\百度云盘3\学习资料\大学本科\大2上\模电\模电 邓天平\ch3
8c59ac14838e7ec1167f01f30333a868,E:\百度云盘3\学习资料\大学本科\大2上\模电\模电 邓天平\ch4
174f09090990e795ffac2aa193b52dc6,E:\百度云盘3\学习资料\大学本科\大2上\模电\模电 邓天平\ch5
1d2967908976aeaf7123a2703dfc2748,E:\百度云盘3\学习资料\大学本科\大2上\模电\模电 邓天平\ch6
0d10e40b1fe07460aff6f09d27761196,E:\百度云盘3\学习资料\大学本科\大2上\模电\模电 邓天平\ch7
8e514c0e0f16246b41691292b0541bdc,E:\百度云盘3\学习资料\大学本科\大2上\模电\模电 邓天平\ch8
3de10850e415708b1adbf806c29cf8d7,E:\百度云盘3\学习资料\大学本科\大2上\模电\模电 邓天平\ch9
d5914f0b8bd917bdf20742180f51f593,E:\百度云盘3\学习资料\大学本科\大2上\电子线路设计\PSpice教学演示
f422d5d8e483ff0f7512d66e08689943,E:\百度云盘3\学习资料\大学本科\大2上\电子线路设计\仿真
2151b9ffb5e0849dd378d8a7d3571c0b,E:\百度云盘3\学习资料\大学本科\大2上\电子线路设计\作业
eae550b1bb09acb3113ac721b0847316,E:\百度云盘3\学习资料\大学本科\大2上\电子线路设计\课件
5355d98b77cfe6dfe1def293f772cf93,E:\百度云盘3\学习资料\大学本科\大2上\电子线路设计\资料
46f0b19680920f06ea1edb63a9e8f462,E:\百度云盘3\学习资料\大学本科\大2上\电子线路设计\仿真\ADD
6b7a81cb892ec77f3b7c91fe392a6b62,E:\百度云盘3\学习资料\大学本科\大2上\电子线路设计\仿真\BJT
120e4931ab30ba72d3c0c34ece03dbd6,E:\百度云盘3\学习资料\大学本科\大2上\电子线路设计\仿真\bjtt
a8dd4f6d47ca5fa66344e2fecd9ef611,E:\百度云盘3\学习资料\大学本科\大2上\电子线路设计\仿真\chuanlianxiezhen
c97a70d83facd6bd2599b3d4aedb9269,E:\百度云盘3\学习资料\大学本科\大2上\电子线路设计\仿真\DAC
e15736080186124646ef7b695a2892ef,E:\百度云盘3\学习资料\大学本科\大2上\电子线路设计\仿真\dacg
10905fa3ba2651086ba308dc72f923f1,E:\百度云盘3\学习资料\大学本科\大2上\电子线路设计\仿真\fr
4b62c98084c60d22982371f321c7a4b9,E:\百度云盘3\学习资料\大学本科\大2上\电子线路设计\仿真\hsfsq
3021d2371c5dd22a0bfde677714ab1da,E:\百度云盘3\学习资料\大学本科\大2上\电子线路设计\仿真\DAC\dac
37e091181c056b3e0f20a4edb336631f,E:\百度云盘3\学习资料\大学本科\大2上\电子线路设计\课件\实验01_运放
cc68446c84bcda3ead0d3ab257caf74a,E:\百度云盘3\学习资料\大学本科\大2上\电子线路设计\课件\实验02_BJT
8b200e2c3147e2f9e97578489753ef07,E:\百度云盘3\学习资料\大学本科\大2上\电子线路设计\课件\实验03_运放参数&函数
fccfd2f2f5c3e11fdc04a8c178c53be0,E:\百度云盘3\学习资料\大学本科\大2上\电子线路设计\课件\实验04_音响
1a09989f3b8ba7b4391c68c66dffe27b,E:\百度云盘3\学习资料\大学本科\大2下\信号与系统
b4ac8376aa8d89013780e2e3da724e28,E:\百度云盘3\学习资料\大学本科\大2下\数字电路
202f3ab3730f48306c082d10cd896dfb,E:\百度云盘3\学习资料\大学本科\大2下\数据结构
030276e4a80f7e849356a84562d2e65d,E:\百度云盘3\学习资料\大学本科\大2下\数理方程
42ff94da7746b97820a9e62462aaa23f,E:\百度云盘3\学习资料\大学本科\大2下\数电实验
bbb3f1b54af9e32c13571e8a92ae40a3,E:\百度云盘3\学习资料\大学本科\大2下\物理实验
3588e6946a7a0df85a1d545728e3fb5d,E:\百度云盘3\学习资料\大学本科\大2下\电工实习
a0113c1bf6a89f36692603368655bdf2,E:\百度云盘3\学习资料\大学本科\大2下\英语
3e01c24f6e6a5b7ddd750c208ce59e14,E:\百度云盘3\学习资料\大学本科\大2下\随机过程
a0a58c54958dd13862bc86705e41691a,E:\百度云盘3\学习资料\大学本科\大2下\信号与系统\信号上机实验系统
09f360114cbf20d80bdd4816404a55d7,E:\百度云盘3\学习资料\大学本科\大2下\信号与系统\近三年考题
42ca80582dbf4c8ee0d5bea733acf208,E:\百度云盘3\学习资料\大学本科\大2下\数字电路\实验仿真
701a9bf17ef030c68ca0589bcc7b6fdf,E:\百度云盘3\学习资料\大学本科\大2下\数字电路\数电资料_42811
0a78fb59cb8046130cab54200b4a9f45,E:\百度云盘3\学习资料\大学本科\大2下\数据结构\WSN
9f54e30ba8872773128496436515d8e4,E:\百度云盘3\学习资料\大学本科\大2下\数据结构\作业
e900892d521082c170a47cdd1319c20c,E:\百度云盘3\学习资料\大学本科\大2下\数据结构\算法
33e3535dedc1bf199848a371347b401f,E:\百度云盘3\学习资料\大学本科\大2下\数据结构\课件
5228b55b2c35ab984b96cb90cf1d026d,E:\百度云盘3\学习资料\大学本科\大2下\数据结构\资料
824b52f44f7b5578a02aa7163ed13ddb,E:\百度云盘3\学习资料\大学本科\大2下\数据结构\WSN\mobile landmarks static nodes
f34e0165f5f776ca3c06b3a75809a613,E:\百度云盘3\学习资料\大学本科\大2下\数据结构\WSN\新建文件夹
9d7c396f32a63fe3fbdfa656bd4ed683,E:\百度云盘3\学习资料\大学本科\大2下\数据结构\算法\SQL
fa837e2b41563ad5e01842d1c6466665,E:\百度云盘3\学习资料\大学本科\大2下\数据结构\算法\text
42727623731554376acbfb294cf180bb,E:\百度云盘3\学习资料\大学本科\大2下\数据结构\算法\上机作业-1-2
37a6a196b8d3337b347c327ca1d05937,E:\百度云盘3\学习资料\大学本科\大2下\数据结构\算法\上级作业-1-10
be0fb784e220dccfd37ac609b1ea8e22,E:\百度云盘3\学习资料\大学本科\大2下\数据结构\算法\上级作业-1-4
83e39c137cde77f720d9a42dde45f91b,E:\百度云盘3\学习资料\大学本科\大2下\数据结构\算法\上级作业-1-6
9006daed3c38064aa5cacb8c8622100b,E:\百度云盘3\学习资料\大学本科\大2下\数据结构\算法\上级作业-1-8
78888730ff0414a051fd5a44e8e85be2,E:\百度云盘3\学习资料\大学本科\大2下\数据结构\算法\上级作业-2-6.37
b9adc23eb5552f490ad28630287b219c,E:\百度云盘3\学习资料\大学本科\大2下\数据结构\算法\上级作业-2-6.42
a1ed133fe5b449e99a8b5a78f56a2bc6,E:\百度云盘3\学习资料\大学本科\大2下\数据结构\算法\哈夫曼编译码器
dfde7d3d63de5080b1f8fc737f744d26,E:\百度云盘3\学习资料\大学本科\大2下\数据结构\算法\数据结构-1-12
8f84116d33fa79590c433578b3fb42a4,E:\百度云盘3\学习资料\大学本科\大2下\数据结构\算法\SQL\Debug
2bd00c4363cd1b0d6ae1ae39a3ec0647,E:\百度云盘3\学习资料\大学本科\大2下\数据结构\算法\SQL\ipch
bf8b9f96d67fa67909064154b2a6cc9d,E:\百度云盘3\学习资料\大学本科\大2下\数据结构\算法\SQL\SQL
0e312b3c4ae66130920465d87d4ab7c1,E:\百度云盘3\学习资料\大学本科\大2下\数据结构\算法\SQL\ipch\sql-36519707
97326232e140cd360d7a8a8f68770c75,E:\百度云盘3\学习资料\大学本科\大2下\数据结构\算法\SQL\SQL\Debug
7fda54220677035d25dba9c7a776abf6,E:\百度云盘3\学习资料\大学本科\大2下\数据结构\算法\text\Debug
bf4139794db09b6d15affa89979e9ae1,E:\百度云盘3\学习资料\大学本科\大2下\数据结构\算法\text\ipch
d7c234cedb6a673248291d96898f0832,E:\百度云盘3\学习资料\大学本科\大2下\数据结构\算法\text\text
a78fa53123c5979ed0bbc03032c33491,E:\百度云盘3\学习资料\大学本科\大2下\数据结构\算法\text\ipch\text-e6a277c6
7e428177e5d21f0bab006312b21c5c82,E:\百度云盘3\学习资料\大学本科\大2下\数据结构\算法\text\text\Debug
0c2558e84096c8f60f43ab4d12ba72e7,E:\百度云盘3\学习资料\大学本科\大2下\数据结构\算法\上机作业-1-2\Debug
c8781c076fb00904edf526cd678d6182,E:\百度云盘3\学习资料\大学本科\大2下\数据结构\算法\上机作业-1-2\ipch
937484e822d7b48622b850f7486d70d7,E:\百度云盘3\学习资料\大学本科\大2下\数据结构\算法\上机作业-1-2\上机作业-1
6e8452e3799f0f4d316a765edcfbcd13,E:\百度云盘3\学习资料\大学本科\大2下\数据结构\算法\上机作业-1-2\ipch\上机作业-1-bdc37d7f
432495c6f2e7eb791beed1d331b28a3e,E:\百度云盘3\学习资料\大学本科\大2下\数据结构\算法\上机作业-1-2\上机作业-1\Debug
4f2d06d5782accca52effcc9aaed167d,E:\百度云盘3\学习资料\大学本科\大2下\数据结构\算法\上级作业-1-10\Debug
68428fc23dcc042bf7a977f84ab7805c,E:\百度云盘3\学习资料\大学本科\大2下\数据结构\算法\上级作业-1-10\ipch
7cbb419dcd2a17f6a35df8ca10fb154c,E:\百度云盘3\学习资料\大学本科\大2下\数据结构\算法\上级作业-1-10\上级作业-1-10
a9900096f52c530a78e3b77f7abb3e84,E:\百度云盘3\学习资料\大学本科\大2下\数据结构\算法\上级作业-1-10\ipch\上级作业-1-10-ac5b9110
ac93eddc6ad1f75a72614a8875a19b72,E:\百度云盘3\学习资料\大学本科\大2下\数据结构\算法\上级作业-1-10\上级作业-1-10\Debug
65af102f248b0e319c1715612f3f1a6f,E:\百度云盘3\学习资料\大学本科\大2下\数据结构\算法\上级作业-1-4\Debug
f4bfb1bf1d82c92f163229140b2346ed,E:\百度云盘3\学习资料\大学本科\大2下\数据结构\算法\上级作业-1-4\ipch
3e992dc75200732a7c94b5bd2b0580ab,E:\百度云盘3\学习资料\大学本科\大2下\数据结构\算法\上级作业-1-4\上级作业-1-4
397ffe301dda097a2307c52cbc64cb28,E:\百度云盘3\学习资料\大学本科\大2下\数据结构\算法\上级作业-1-4\ipch\上级作业-1-4-ce433d09
f56f2a12f54ccf8c3c4c8891c05eeb55,E:\百度云盘3\学习资料\大学本科\大2下\数据结构\算法\上级作业-1-4\上级作业-1-4\Debug
aa1b77a0c24cfe6744bccf436d3c5694,E:\百度云盘3\学习资料\大学本科\大2下\数据结构\算法\上级作业-1-6\Debug
7e761c88b6718ded151f15791cf0d12e,E:\百度云盘3\学习资料\大学本科\大2下\数据结构\算法\上级作业-1-6\ipch
24efca49de71a3573c862075affb1087,E:\百度云盘3\学习资料\大学本科\大2下\数据结构\算法\上级作业-1-6\上级作业-1-6
9d1bfaef5b545e9ec084a3d0f368b5b9,E:\百度云盘3\学习资料\大学本科\大2下\数据结构\算法\上级作业-1-6\ipch\上级作业-1-6-ba5a91cf
5476bde30c8046efde2032fa94a9e004,E:\百度云盘3\学习资料\大学本科\大2下\数据结构\算法\上级作业-1-6\上级作业-1-6\Debug
5b5988b367c1e280315f05f99f656ad3,E:\百度云盘3\学习资料\大学本科\大2下\数据结构\算法\上级作业-1-8\Debug
09ace96079988cdc5b55d44040cf5ce0,E:\百度云盘3\学习资料\大学本科\大2下\数据结构\算法\上级作业-1-8\ipch
440b649a353ef2938b8fc5a05a4427fc,E:\百度云盘3\学习资料\大学本科\大2下\数据结构\算法\上级作业-1-8\上级作业-1-8
5db3080e541b211963c234c9bc42f5bf,E:\百度云盘3\学习资料\大学本科\大2下\数据结构\算法\上级作业-1-8\ipch\上级作业-1-8-a671e695
d9aa356c5b03f7ada848b56563a59207,E:\百度云盘3\学习资料\大学本科\大2下\数据结构\算法\上级作业-1-8\上级作业-1-8\Debug
9a277655898e0946c9aa735affc556ef,E:\百度云盘3\学习资料\大学本科\大2下\数据结构\算法\上级作业-2-6.37\Debug
8e0eaf6dcd0cc0d4a94032f2b73a8691,E:\百度云盘3\学习资料\大学本科\大2下\数据结构\算法\上级作业-2-6.37\ipch
24de74f05d217a612fa7db0971967710,E:\百度云盘3\学习资料\大学本科\大2下\数据结构\算法\上级作业-2-6.37\上级作业-2-6.37
7461d0ef2416fedb306363ac92be7951,E:\百度云盘3\学习资料\大学本科\大2下\数据结构\算法\上级作业-2-6.37\ipch\上级作业-2-6.37-389181ba
7c02701cb7d9cc637da6868a12ab5421,E:\百度云盘3\学习资料\大学本科\大2下\数据结构\算法\上级作业-2-6.37\上级作业-2-6.37\Debug
e536211c22ac490aa269b98cc8523977,E:\百度云盘3\学习资料\大学本科\大2下\数据结构\算法\上级作业-2-6.42\Debug
7ee1381da431d2151972db14202b6812,E:\百度云盘3\学习资料\大学本科\大2下\数据结构\算法\上级作业-2-6.42\ipch
27070d0119454c60d95f9c1fcbd64dc0,E:\百度云盘3\学习资料\大学本科\大2下\数据结构\算法\上级作业-2-6.42\上级作业-2-6.42
ad23de03e4be218d6cc8aa68ede5729b,E:\百度云盘3\学习资料\大学本科\大2下\数据结构\算法\上级作业-2-6.42\ipch\上级作业-2-6.42-b5b2b40e
dc64a7ffa295d6749924b0a0da7082b5,E:\百度云盘3\学习资料\大学本科\大2下\数据结构\算法\上级作业-2-6.42\上级作业-2-6.42\Debug
acdeac0213ed5ffb2733bd773ea8b674,E:\百度云盘3\学习资料\大学本科\大2下\数据结构\算法\哈夫曼编译码器\Debug
56beeaf3d62f3ffb814c403591e77793,E:\百度云盘3\学习资料\大学本科\大2下\数据结构\算法\哈夫曼编译码器\ipch
e7db0cee33140505114858a4f52194e5,E:\百度云盘3\学习资料\大学本科\大2下\数据结构\算法\哈夫曼编译码器\哈夫曼编译码器
706841c313fde3f79f775047f1d47029,E:\百度云盘3\学习资料\大学本科\大2下\数据结构\算法\哈夫曼编译码器\ipch\哈夫曼编译码器-2427e334
e8e1ed307aba6cec8a7090b752ccd825,E:\百度云盘3\学习资料\大学本科\大2下\数据结构\算法\哈夫曼编译码器\哈夫曼编译码器\Debug
9f7875cdb6b0e4073a7dafaa026cde50,E:\百度云盘3\学习资料\大学本科\大2下\数据结构\算法\数据结构-1-12\Debug
f5344138e599fcf0b0dd0bcbc48d967e,E:\百度云盘3\学习资料\大学本科\大2下\数据结构\算法\数据结构-1-12\ipch
f7a102a806860277c0892fcae99b7903,E:\百度云盘3\学习资料\大学本科\大2下\数据结构\算法\数据结构-1-12\数据结构-1-12
d079b4eb0645a2a9a08568e97934cd46,E:\百度云盘3\学习资料\大学本科\大2下\数据结构\算法\数据结构-1-12\ipch\数据结构-1-12-a9cd1320
059ac4bbb2f2bb2d488a22f750e27f95,E:\百度云盘3\学习资料\大学本科\大2下\数据结构\算法\数据结构-1-12\数据结构-1-12\Debug
408c7f6e7c453fa7eb40f9d2a348d14d,E:\百度云盘3\学习资料\大学本科\大2下\数据结构\资料\_数据结构算法演示系统
c0c61f85938172f71e2d1d6f9479f9e9,E:\百度云盘3\学习资料\大学本科\大2下\数据结构\资料\补充学习
b762830f5b145b6289f38407c6136762,E:\百度云盘3\学习资料\大学本科\大2下\数据结构\资料\_数据结构算法演示系统\IMAGE
f5da1600c6425f05250a519ad2807715,E:\百度云盘3\学习资料\大学本科\大2下\数据结构\资料\_数据结构算法演示系统\MUSIC
3679cdce00527c02d1501255ab7cc051,E:\百度云盘3\学习资料\大学本科\大2下\数据结构\资料\补充学习\图-KMP算法求Next和NextVal
29ae0b67592ed62436aefb40876b7c03,E:\百度云盘3\学习资料\大学本科\大2下\数据结构\资料\补充学习\图-指针
a8c7cdc1c533f597da16b86ea2b991df,E:\百度云盘3\学习资料\大学本科\大2下\数据结构\资料\补充学习\图-结构体
5a5a1bfec0a1711ffcaf9b466a13dc8e,E:\百度云盘3\学习资料\大学本科\大2下\数理方程\数理方程pdf
770de3cc49ae220dc777c0a5b7e8c8e2,E:\百度云盘3\学习资料\大学本科\大2下\数电实验\FPGA_DE0
e24c7c93ef3c394026bb3f8c932323b9,E:\百度云盘3\学习资料\大学本科\大2下\数电实验\project
56f2d10dac5b286ffbcd0b277105f967,E:\百度云盘3\学习资料\大学本科\大2下\数电实验\作业
e7ef5c33a0aac763408b0c49ea4299d8,E:\百度云盘3\学习资料\大学本科\大2下\数电实验\数字钟
88daec4a5be4307c3c3d18a8f99451be,E:\百度云盘3\学习资料\大学本科\大2下\数电实验\FPGA_DE0\Q38_restored
ba4822c2bcc7bbd7d087737c9ee264d9,E:\百度云盘3\学习资料\大学本科\大2下\数电实验\FPGA_DE0\Q38_restored\db
1fc52a1a351115753477d02af0604ee6,E:\百度云盘3\学习资料\大学本科\大2下\数电实验\FPGA_DE0\Q38_restored\incremental_db
fa5f88652fbe0361e66a06c35c89cf01,E:\百度云盘3\学习资料\大学本科\大2下\数电实验\FPGA_DE0\Q38_restored\release
9da4c0ecbcea6ce4663f66bc73d959b4,E:\百度云盘3\学习资料\大学本科\大2下\数电实验\FPGA_DE0\Q38_restored\incremental_db\compiled_partitions
5556db2f604a8b3094331d2825927fad,E:\百度云盘3\学习资料\大学本科\大2下\数电实验\作业\数字钟6.14
a9e8f97fabf19f78fc7ce41d9606163c,E:\百度云盘3\学习资料\大学本科\大2下\数电实验\作业\数字钟6.14\数字钟终极版
682b978d8c8f5c5bbddbdb0f919cbfa0,E:\百度云盘3\学习资料\大学本科\大2下\数电实验\作业\数字钟6.14\数字钟终极版\bin_count10
d6ffbee226f5c25292500e4706a4077e,E:\百度云盘3\学习资料\大学本科\大2下\数电实验\作业\数字钟6.14\数字钟终极版\fenpin
e6d4a8461b72ce288b2b0a2be17e1df4,E:\百度云盘3\学习资料\大学本科\大2下\数电实验\作业\数字钟6.14\数字钟终极版\top_clock
3c1d7ee2e9ba2092f1a78c8a9d02c689,E:\百度云盘3\学习资料\大学本科\大2下\数电实验\作业\数字钟6.14\数字钟终极版\bin_count10\db
f8d7320f60e0836cc225c5af0ec2d804,E:\百度云盘3\学习资料\大学本科\大2下\数电实验\作业\数字钟6.14\数字钟终极版\bin_count10\incremental_db
02dea8e3479f51bab79d6e49902bf490,E:\百度云盘3\学习资料\大学本科\大2下\数电实验\作业\数字钟6.14\数字钟终极版\bin_count10\incremental_db\compiled_partitions
07873a4464877c23d370cd8e652512f3,E:\百度云盘3\学习资料\大学本科\大2下\数电实验\作业\数字钟6.14\数字钟终极版\fenpin\db
1c7ebce6efb24f26c727b298b8353ead,E:\百度云盘3\学习资料\大学本科\大2下\数电实验\作业\数字钟6.14\数字钟终极版\fenpin\incremental_db
b30b97645fb29aa0f432bceeea76cfea,E:\百度云盘3\学习资料\大学本科\大2下\数电实验\作业\数字钟6.14\数字钟终极版\fenpin\incremental_db\compiled_partitions
f7a768f1936fc9251a90310f040145c1,E:\百度云盘3\学习资料\大学本科\大2下\数电实验\作业\数字钟6.14\数字钟终极版\top_clock\db
8b9a7c0d5ea7a3dfb8c7383f7574a6cf,E:\百度云盘3\学习资料\大学本科\大2下\数电实验\作业\数字钟6.14\数字钟终极版\top_clock\incremental_db
3cec5d2ea59a411ff8ae78d7cc5bd88b,E:\百度云盘3\学习资料\大学本科\大2下\数电实验\作业\数字钟6.14\数字钟终极版\top_clock\incremental_db\compiled_partitions
8728c37aac2cdc0ee399392720e3d60c,E:\百度云盘3\学习资料\大学本科\大2下\物理实验\作业
e7613d1668215295db1363536ed71fc6,E:\百度云盘3\学习资料\大学本科\大2下\英语\介绍性演讲
df6a2de9eef837c8efc2c146b2c4f85d,E:\百度云盘3\学习资料\大学本科\大2下\随机过程\randproc
ca99532e7bc6e5709e327a79e5b4514e,E:\百度云盘3\学习资料\大学本科\大2下\随机过程\随机信号分析
252e541536a7965b88c32c2f41c12c40,E:\百度云盘3\学习资料\大学本科\大2下\随机过程\随机过程中文PPT
c1d75023864738baf3b0e5bcf80b5e86,E:\百度云盘3\学习资料\大学本科\大2下\随机过程\randproc\Debug
0af291a5e70b2a566b015d0b7b69388c,E:\百度云盘3\学习资料\大学本科\大2下\随机过程\randproc\ipch
9cb093d86bb105c0cae0086ea1fd00db,E:\百度云盘3\学习资料\大学本科\大2下\随机过程\randproc\res
799278d4f9a682447ab92098e6d44e61,E:\百度云盘3\学习资料\大学本科\大2下\随机过程\randproc\ipch\random-536994c1
b7751f7321a9820f33401f7436825e95,E:\百度云盘3\学习资料\大学本科\大2下\随机过程\随机信号分析\随机信号分析
faa8c4be5b979b91b4658e3736b59364,E:\百度云盘3\学习资料\大学本科\大2下\随机过程\随机过程中文PPT\华中本科随机课件
0b9a272f95e0cdf21ccc752b5ad960fd,E:\百度云盘3\学习资料\大学本科\大3上\信息论
4b6d171fa9169ac579ecf93baf6edd52,E:\百度云盘3\学习资料\大学本科\大3上\微机原理
aacdd69decc6636584708d357593a6c9,E:\百度云盘3\学习资料\大学本科\大3上\操作系统
ac55581dd311c04805d67205bfe187c6,E:\百度云盘3\学习资料\大学本科\大3上\数字信号处理
a380b8685ef9e60a2a90935861251746,E:\百度云盘3\学习资料\大学本科\大3上\电磁场与电磁波
ccbffa0f1586b68b0cacbbb30060b06e,E:\百度云盘3\学习资料\大学本科\大3上\计算机网络
cfe156bc975fe7cfe97160b85fc5691e,E:\百度云盘3\学习资料\大学本科\大3上\软件课设
e1a9bdb270252925be95eef0fc6c3dd1,E:\百度云盘3\学习资料\大学本科\大3上\通信电子线路
2d558baf71eb04ba7f0dcdb438203adf,E:\百度云盘3\学习资料\大学本科\大3上\微机原理\微机原理
04af3a487d8fc65f435ccddde3fabc2c,E:\百度云盘3\学习资料\大学本科\大3上\数字信号处理\DSP实验
b30079ea8e9e7f4012b6098d5b30fa1d,E:\百度云盘3\学习资料\大学本科\大3上\数字信号处理\DSP实验报告 肖勤邦 U201113428
6c47a0e9c7fbe2fac8f280d3682539f8,E:\百度云盘3\学习资料\大学本科\大3上\计算机网络\计算机网络课件%5B14%5D
372ed5598f3478324d61df6afd1722ba,E:\百度云盘3\学习资料\大学本科\大3上\计算机网络\计网-照片
770f58b464561aa5b5e35087e3bf569c,E:\百度云盘3\学习资料\大学本科\大3上\软件课设\cximage600_full
1a88be1c7cae60ae51eb0da4b7cd5a05,E:\百度云盘3\学习资料\大学本科\大3上\软件课设\cximage600_full\tiff
07a44a00e9d82db6f7477d6ca3708249,E:\百度云盘3\学习资料\大学本科\大3上\通信电子线路\功率放大器
dc0199a3d404186fa06d7cc56c2ac6bf,E:\百度云盘3\学习资料\大学本科\大3上\通信电子线路\第二次实验数据
1fbf58f736242655404379a39b850994,E:\百度云盘3\学习资料\大学本科\大3下\TCP_IP
12cda4aff7b21f83bf08a36f10d80d03,E:\百度云盘3\学习资料\大学本科\大3下\嵌入式系统
31625fd8fb8d24d2492d44732969956f,E:\百度云盘3\学习资料\大学本科\大3下\微波实验
951272b41b34dd8eb6cc010ec74611a9,E:\百度云盘3\学习资料\大学本科\大3下\微波技术
487a731211644bd08b4bf4afcc55dc24,E:\百度云盘3\学习资料\大学本科\大3下\智能小车
daf31aee19f654fb6ba11f1f23fd033b,E:\百度云盘3\学习资料\大学本科\大3下\生产实习
1e9a6cde50617fd25655442e71a01540,E:\百度云盘3\学习资料\大学本科\大3下\通信原理
f6a265bf7a90d71344e951b0ea7e0cb0,E:\百度云盘3\学习资料\大学本科\大3下\TCP_IP\复习重点+作业答案
8f76fcf1454c4bc5b8e63afc6ef1d20c,E:\百度云盘3\学习资料\大学本科\大3下\TCP_IP\复习重点+作业答案\复习重点+作业答案
163ee8d5f9d6258fc505826e71ee4006,E:\百度云盘3\学习资料\大学本科\大3下\微波实验\第一次试验
3129ca7e281b86076512a767f7fad91b,E:\百度云盘3\学习资料\大学本科\大3下\微波实验\第二次试验‘
6ec028039922b0005cccf52b9cfd3536,E:\百度云盘3\学习资料\大学本科\大3下\微波技术\微波课件
a891abba7f8f2369197d64e9b191d12d,E:\百度云盘3\学习资料\大学本科\大3下\智能小车\新建文件夹
9d89cacf65fa1ebbad945303a5ad11a4,E:\百度云盘3\学习资料\大学本科\大3下\智能小车\新建文件夹\3、智能小车参考实验
e33bed3389523e84d46e666f4c12f72e,E:\百度云盘3\学习资料\大学本科\大3下\智能小车\新建文件夹\3、智能小车参考实验\2、HL-1实验板C语言实验例程
2ec00ee6a2156136a063460ece6f229a,E:\百度云盘3\学习资料\大学本科\大3下\智能小车\新建文件夹\3、智能小车参考实验\2、HL-1实验板C语言实验例程\【实验3】点亮四个LED（方法2）
456f4b63a1b39b9981e483a3a8f091f8,E:\百度云盘3\学习资料\大学本科\大3下\智能小车\新建文件夹\3、智能小车参考实验\2、HL-1实验板C语言实验例程\【实验57】温度计DS18B20
d93353ae5307034a406e7c12ca847782,E:\百度云盘3\学习资料\大学本科\大3下\智能小车\新建文件夹\3、智能小车参考实验\2、HL-1实验板C语言实验例程\【实验58】DS18B20温度计（1602显示）
28e7d531f7b4333f798ede9301fd3226,E:\百度云盘3\学习资料\大学本科\大3下\通信原理\实验
48de3f87fdeae845dc89d78a1c789ccf,E:\百度云盘3\学习资料\大学本科\大3下\通信原理\通信原理试卷
7058f5737f587fb8a68808a53bc27d27,E:\百度云盘3\学习资料\大学本科\大3下\通信原理\通信原理试卷\通信原理试卷
a59d59ef77adec3895ea3dcfd2388523,E:\百度云盘3\学习资料\慕课网\11 双剑合璧Laravel，AngularJS全栈开发知乎
8c5404c4e05c8cc2b408be3a70178fa7,E:\百度云盘3\学习资料\慕课网\6小时jQuery开发小应用
6f5a7497fb81b1f79a2eb4dc1d549ec0,E:\百度云盘3\学习资料\慕课网\7天搞定Node.js微信公众号开发
ec8e05b8a9acdc1c306943da34fe5282,E:\百度云盘3\学习资料\慕课网\HTML5 移动Web App阅读器
846befd889568740a76957033103a36c,E:\百度云盘3\学习资料\慕课网\Python_进阶强化xun
73933e4e8a68045c44c2c43b7d58dc25,E:\百度云盘3\学习资料\慕课网\Yii2.0全力出击打造完整电商平台
81a3f35dc784c4b9fa9473b39ac7b765,E:\百度云盘3\学习资料\慕课网\【打造扛得住的MySQL数据库架构】
a006192f5eaf0762469e543f09916ed4,E:\百度云盘3\学习资料\慕课网\慕课实战 前端到后台ThinkPHP开发整站
48899d14822a648af3a191bd8608f2e8,E:\百度云盘3\学习资料\慕课网\所向披靡的响应式开发
08e3e49e53a0c990bd6ec9c0ac841722,E:\百度云盘3\学习资料\慕课网\组件方式开发 Web App全站
46964058b353a2a765004482d3e2bc7c,E:\百度云盘3\学习资料\慕课网\贯穿全栈React Native开发App
5c83abb4c52ab055d05895f231499533,E:\百度云盘3\学习资料\慕课网\飞速上手的跨平台App开发
35a9cf011b0e79cdc27849526ea3e3dd,E:\百度云盘3\学习资料\慕课网\11 双剑合璧Laravel，AngularJS全栈开发知乎\第五章  问题API的实现,E:\百度云盘3\学习资料\慕课网\HTML5 移动Web App阅读器\第7章 页面和服务器通信代码的开发过程,E:\百度云盘3\学习资料\慕课网\Python_进阶强化xun\第8章,E:\百度云盘3\学习资料\慕课网\Python_进阶强化xun\第9章,E:\百度云盘3\学习资料\慕课网\【打造扛得住的MySQL数据库架构】\第7章 SQL查询优化,E:\百度云盘3\学习资料\慕课网\【打造扛得住的MySQL数据库架构】\第8章 数据库的分库分表,E:\百度云盘3\学习资料\慕课网\【打造扛得住的MySQL数据库架构】\第9章 数据库监控,E:\百度云盘3\学习资料\慕课网\所向披靡的响应式开发\第11章 课程扩展2 -- 聊聊原型设计和切图,E:\百度云盘3\学习资料\论文\flag,E:\百度云盘3\视频\动漫\只有神知道的世界合集【BDrip720P】,E:\百度云盘3\视频\美剧\Person of Interest
43844d59220756db572e31cdafd41ac8,E:\百度云盘3\学习资料\慕课网\7天搞定Node.js微信公众号开发\第7章 公众号提供网站访问,E:\百度云盘3\学习资料\论文\12.29-1208\data,E:\百度云盘3\视频\极度推荐,E:\百度云盘3\视频\美剧\24小时
004a9c13399952b9cfe6fa1c8ef71b15,E:\百度云盘3\学习资料\慕课网\【打造扛得住的MySQL数据库架构】\数据库源代码
68c0adcde19f8fa2b1ad0cbdcce69192,E:\百度云盘3\学习资料\慕课网\【打造扛得住的MySQL数据库架构】\数据库源代码\script
99f665fcd77cccf131f4da97efe8bddb,E:\百度云盘3\学习资料\慕课网\【打造扛得住的MySQL数据库架构】\数据库源代码\sysbench-0.5
bda67cc0a4a64f2ce5e8bdf37e8e19a1,E:\百度云盘3\学习资料\慕课网\【打造扛得住的MySQL数据库架构】\数据库源代码\sysbench-0.5\config
b8d95c5ca8666271e694ba6dd732b5d1,E:\百度云盘3\学习资料\慕课网\【打造扛得住的MySQL数据库架构】\数据库源代码\sysbench-0.5\doc
9ba81fdc4c9f6fd9e6741b35eeca30e7,E:\百度云盘3\学习资料\慕课网\【打造扛得住的MySQL数据库架构】\数据库源代码\sysbench-0.5\m4
917b015291fd15f2a78f65ba2b4c893a,E:\百度云盘3\学习资料\慕课网\【打造扛得住的MySQL数据库架构】\数据库源代码\sysbench-0.5\sysbench
a488f44d34270ba4469aed5cac1f739f,E:\百度云盘3\学习资料\慕课网\【打造扛得住的MySQL数据库架构】\数据库源代码\sysbench-0.5\doc\xsl
306efe1d467e7b1008d34621f5612204,E:\百度云盘3\学习资料\慕课网\【打造扛得住的MySQL数据库架构】\数据库源代码\sysbench-0.5\sysbench\drivers
81d4649bb56b45a9b9077483c414ecf7,E:\百度云盘3\学习资料\慕课网\【打造扛得住的MySQL数据库架构】\数据库源代码\sysbench-0.5\sysbench\scripting
2dac55f6350416b1dd0eec4add63ab64,E:\百度云盘3\学习资料\慕课网\【打造扛得住的MySQL数据库架构】\数据库源代码\sysbench-0.5\sysbench\tests
61e00a17c7af5c24d7008dd20a6419ae,E:\百度云盘3\学习资料\慕课网\【打造扛得住的MySQL数据库架构】\数据库源代码\sysbench-0.5\sysbench\drivers\attachsql
9e95ab9f6e62c6585870f63db09fb5f8,E:\百度云盘3\学习资料\慕课网\【打造扛得住的MySQL数据库架构】\数据库源代码\sysbench-0.5\sysbench\drivers\drizzle
c9539296d4986f629067f27f58ab5c09,E:\百度云盘3\学习资料\慕课网\【打造扛得住的MySQL数据库架构】\数据库源代码\sysbench-0.5\sysbench\drivers\mysql
936634cfa9491802702a9652b4faefbd,E:\百度云盘3\学习资料\慕课网\【打造扛得住的MySQL数据库架构】\数据库源代码\sysbench-0.5\sysbench\drivers\oracle
508008683335be94240fc476e2369a7c,E:\百度云盘3\学习资料\慕课网\【打造扛得住的MySQL数据库架构】\数据库源代码\sysbench-0.5\sysbench\drivers\pgsql
1ed18621d8cfc762a8f7522b76e5a260,E:\百度云盘3\学习资料\慕课网\【打造扛得住的MySQL数据库架构】\数据库源代码\sysbench-0.5\sysbench\scripting\lua
d4ceae1c8f444d5cb502ba56045c44d0,E:\百度云盘3\学习资料\慕课网\【打造扛得住的MySQL数据库架构】\数据库源代码\sysbench-0.5\sysbench\scripting\lua\src
c9540c954e067c861851672a571f1014,E:\百度云盘3\学习资料\慕课网\【打造扛得住的MySQL数据库架构】\数据库源代码\sysbench-0.5\sysbench\tests\cpu
ee28c3daa747b1f29d407af3a609900b,E:\百度云盘3\学习资料\慕课网\【打造扛得住的MySQL数据库架构】\数据库源代码\sysbench-0.5\sysbench\tests\db
97ee9c92b2f75cd2e5b187084bcee663,E:\百度云盘3\学习资料\慕课网\【打造扛得住的MySQL数据库架构】\数据库源代码\sysbench-0.5\sysbench\tests\fileio
4e0a0085fa06c1188783a7b6633c6b1d,E:\百度云盘3\学习资料\慕课网\【打造扛得住的MySQL数据库架构】\数据库源代码\sysbench-0.5\sysbench\tests\memory
411951255da3ae815a1eaac41737b1f9,E:\百度云盘3\学习资料\慕课网\【打造扛得住的MySQL数据库架构】\数据库源代码\sysbench-0.5\sysbench\tests\mutex
35c4215468955849ea4f239a4a013437,E:\百度云盘3\学习资料\慕课网\【打造扛得住的MySQL数据库架构】\数据库源代码\sysbench-0.5\sysbench\tests\threads
3aad5ff77d34f204bd495e278e583a59,E:\百度云盘3\学习资料\慕课网\所向披靡的响应式开发\第10章 课程扩展1 -- 选择一个趁手的IDE
7eea04e3d56c546b477698b69bba8f10,E:\百度云盘3\学习资料\慕课网\所向披靡的响应式开发\第12章 课程大作业
1c08dcb1dcbc13bd0e75a48736cb91fc,E:\百度云盘3\学习资料\慕课网\所向披靡的响应式开发\第1章 前期准备
b90b525ce3137374f316438867afd308,E:\百度云盘3\学习资料\慕课网\所向披靡的响应式开发\第2章 如何组织项目目录结构
b291c7646c047a7ec0651bfa86973496,E:\百度云盘3\学习资料\慕课网\所向披靡的响应式开发\第3章 开始编写HTML代码
690d945896da7f806882427de0948b78,E:\百度云盘3\学习资料\慕课网\所向披靡的响应式开发\第4章 如何实现PC端的样式
80ea5f5b3eba4cb17c51047bec75396c,E:\百度云盘3\学习资料\慕课网\所向披靡的响应式开发\第5章 如何实现移动端的样式
5787f3bca45239a95ffe6860fcd9758d,E:\百度云盘3\学习资料\慕课网\所向披靡的响应式开发\第6章 如何实现响应式广告及响应式图片
3feb5760804899810686a1eca384ceae,E:\百度云盘3\学习资料\慕课网\所向披靡的响应式开发\第7章 Node.js简介
ecce802ad36105e58b12d6e69f379912,E:\百度云盘3\学习资料\慕课网\所向披靡的响应式开发\第8章 如何处理兼容性及在多个设备上进行调试
87115ce910dce8534bd01f3d8d12443f,E:\百度云盘3\学习资料\慕课网\所向披靡的响应式开发\第9章 如何打包发布
5eac30ff2eb6df2e6fea3f43b8a6acb2,E:\百度云盘3\学习资料\慕课网\组件方式开发 Web App全站\第01章 课程前期准备
a00147b7e9d1f25d38f4a261625e1c89,E:\百度云盘3\学习资料\慕课网\组件方式开发 Web App全站\第02章 前端开发简介及标注与切图
f715477cdbfd80b5f0a071b42e5ba524,E:\百度云盘3\学习资料\慕课网\组件方式开发 Web App全站\第03章 项目 JS 类开发
e4758e6d99e1adff8d0c8b92ce735fef,E:\百度云盘3\学习资料\慕课网\组件方式开发 Web App全站\第04章 图表组件-散点图组件开发
70510c77eb4c5591d1db982801366319,E:\百度云盘3\学习资料\慕课网\组件方式开发 Web App全站\第05章 图表组件-柱状图组件开发
22261606e2aa7a8891a8d8b503160c75,E:\百度云盘3\学习资料\慕课网\组件方式开发 Web App全站\第06章 图表组件-折线图开发
f9f65b9fa86effab1f231d118d5c7213,E:\百度云盘3\学习资料\慕课网\组件方式开发 Web App全站\第07章 图表组件-雷达图开发
d5d1b6222286cbec285732ab24c8b424,E:\百度云盘3\学习资料\慕课网\组件方式开发 Web App全站\第08章 图表组件-饼状图开发
c4e942fecfb6ea80384c4ca8ee7100e4,E:\百度云盘3\学习资料\慕课网\组件方式开发 Web App全站\第09章 项目前端页面整合开发
378275589675db7ae00997793a408c0a,E:\百度云盘3\学习资料\慕课网\组件方式开发 Web App全站\第10章 课程扩展
2e833ae868c1d41715e0dc45a4a5cf07,E:\百度云盘3\学习资料\慕课网\组件方式开发 Web App全站\组件开发源码
3d5093010803b54909eebdab49f4e357,E:\百度云盘3\学习资料\慕课网\组件方式开发 Web App全站\组件开发源码\css
5285bb40b0f3f89655cbbc316a21f8b5,E:\百度云盘3\学习资料\慕课网\组件方式开发 Web App全站\组件开发源码\imgs
7e3e58703733682b1d8e87a4596c04b8,E:\百度云盘3\学习资料\慕课网\组件方式开发 Web App全站\组件开发源码\js
3202fa75177714a292b128cf95983a8f,E:\百度云盘3\学习资料\慕课网\组件方式开发 Web App全站\组件开发源码\psd
c44edb3d69d8d78f057d998f95012f23,E:\百度云盘3\学习资料\慕课网\组件方式开发 Web App全站\组件开发源码\test
1f8224190fbec6f5c2918575b010ccaf,E:\百度云盘3\学习资料\慕课网\组件方式开发 Web App全站\组件开发源码\work
b6af30b979efee889a82780957de5798,E:\百度云盘3\学习资料\慕课网\组件方式开发 Web App全站\组件开发源码\js\lib,E:\百度云盘3\学习资料\慕课网\组件方式开发 Web App全站\组件开发源码\work\work2_H5ComponentBase\final-CSS-translate\js\lib,E:\百度云盘3\学习资料\慕课网\组件方式开发 Web App全站\组件开发源码\work\work2_H5ComponentBase\final-JSDOM\js\lib,E:\百度云盘3\学习资料\慕课网\组件方式开发 Web App全站\组件开发源码\work\work2_H5ComponentBase\original\js\lib,E:\百度云盘3\学习资料\慕课网\组件方式开发 Web App全站\组件开发源码\work\work3_H5ComponentPoint\final\js\lib,E:\百度云盘3\学习资料\慕课网\组件方式开发 Web App全站\组件开发源码\work\work3_H5ComponentPoint\original\js\lib,E:\百度云盘3\学习资料\慕课网\组件方式开发 Web App全站\组件开发源码\work\work4_H5ComponentBar\final-code\js\lib,E:\百度云盘3\学习资料\慕课网\组件方式开发 Web App全站\组件开发源码\work\work4_H5ComponentBar\original-code\js\lib,E:\百度云盘3\学习资料\慕课网\组件方式开发 Web App全站\组件开发源码\work\work7_H5ComponentPie\final-code\js\lib,E:\百度云盘3\学习资料\慕课网\组件方式开发 Web App全站\组件开发源码\work\work7_H5ComponentPie\original-code\js\lib,E:\百度云盘3\学习资料\慕课网\组件方式开发 Web App全站\组件开发源码\work\work8_2016Star\final-code\js\lib
080fbcb58f5fb22632db97dff57359d4,E:\百度云盘3\学习资料\慕课网\组件方式开发 Web App全站\组件开发源码\work\work1_PSD
39b8d1ca2c31a520b0539557ffd35edc,E:\百度云盘3\学习资料\慕课网\组件方式开发 Web App全站\组件开发源码\work\work2_H5ComponentBase
1bb824b004c725cdd169cd2489419566,E:\百度云盘3\学习资料\慕课网\组件方式开发 Web App全站\组件开发源码\work\work3_H5ComponentPoint
9fb77cc8dee573cd86e86a43176665b9,E:\百度云盘3\学习资料\慕课网\组件方式开发 Web App全站\组件开发源码\work\work4_H5ComponentBar
7143d219513a85b176264037090b1ac6,E:\百度云盘3\学习资料\慕课网\组件方式开发 Web App全站\组件开发源码\work\work7_H5ComponentPie
afa21eb03a519f6a02acb58db3a0e865,E:\百度云盘3\学习资料\慕课网\组件方式开发 Web App全站\组件开发源码\work\work8_2016Star
e9b48d201a2195a74336d6153d6eda32,E:\百度云盘3\学习资料\慕课网\组件方式开发 Web App全站\组件开发源码\work\work2_H5ComponentBase\final-CSS-translate
b1152e6f20b439a7ff7357f19c690da0,E:\百度云盘3\学习资料\慕课网\组件方式开发 Web App全站\组件开发源码\work\work2_H5ComponentBase\final-JSDOM
bff77fee24e4b97f7c1b82beef975d58,E:\百度云盘3\学习资料\慕课网\组件方式开发 Web App全站\组件开发源码\work\work2_H5ComponentBase\original
dd75d34b2c58f4ae8907591c27ee63a6,E:\百度云盘3\学习资料\慕课网\组件方式开发 Web App全站\组件开发源码\work\work2_H5ComponentBase\final-CSS-translate\css,E:\百度云盘3\学习资料\慕课网\组件方式开发 Web App全站\组件开发源码\work\work2_H5ComponentBase\final-JSDOM\css,E:\百度云盘3\学习资料\慕课网\组件方式开发 Web App全站\组件开发源码\work\work2_H5ComponentBase\original\css
1a37a3d5c20f98f3912fae5f793a5282,E:\百度云盘3\学习资料\慕课网\组件方式开发 Web App全站\组件开发源码\work\work2_H5ComponentBase\final-CSS-translate\html
d095c664bdd5d8d047ce62d7c43b9579,E:\百度云盘3\学习资料\慕课网\组件方式开发 Web App全站\组件开发源码\work\work2_H5ComponentBase\final-CSS-translate\js
6538fdb366cb41cc8fe3610f07600d91,E:\百度云盘3\学习资料\慕课网\组件方式开发 Web App全站\组件开发源码\work\work2_H5ComponentBase\final-JSDOM\html
c04524dfb1dfaf9452c81ab79006bfc5,E:\百度云盘3\学习资料\慕课网\组件方式开发 Web App全站\组件开发源码\work\work2_H5ComponentBase\final-JSDOM\js
dc74696c1d273e25221893471860bb07,E:\百度云盘3\学习资料\慕课网\组件方式开发 Web App全站\组件开发源码\work\work2_H5ComponentBase\original\html
563224ea4788d3bddffa4c73e7edc5e4,E:\百度云盘3\学习资料\慕课网\组件方式开发 Web App全站\组件开发源码\work\work2_H5ComponentBase\original\js
6b0929b2042452f3c1e8205352947351,E:\百度云盘3\学习资料\慕课网\组件方式开发 Web App全站\组件开发源码\work\work3_H5ComponentPoint\final
0d36b5a41249e8927e7d4c2302ce3773,E:\百度云盘3\学习资料\慕课网\组件方式开发 Web App全站\组件开发源码\work\work3_H5ComponentPoint\original
25749faebe2725c8b9a1efbba1c91ddf,E:\百度云盘3\学习资料\慕课网\组件方式开发 Web App全站\组件开发源码\work\work3_H5ComponentPoint\final\css,E:\百度云盘3\学习资料\慕课网\组件方式开发 Web App全站\组件开发源码\work\work3_H5ComponentPoint\original\css
52811095b59871ef85ffac01aafd3ebc,E:\百度云盘3\学习资料\慕课网\组件方式开发 Web App全站\组件开发源码\work\work3_H5ComponentPoint\final\html,E:\百度云盘3\学习资料\慕课网\组件方式开发 Web App全站\组件开发源码\work\work3_H5ComponentPoint\original\html
ac3095d9b1d437fb0b788a26e0f12688,E:\百度云盘3\学习资料\慕课网\组件方式开发 Web App全站\组件开发源码\work\work3_H5ComponentPoint\final\js
0595015f0aff51f84794fab2b069140d,E:\百度云盘3\学习资料\慕课网\组件方式开发 Web App全站\组件开发源码\work\work3_H5ComponentPoint\original\js
2869adcdb7e096fff82d702beb742bfb,E:\百度云盘3\学习资料\慕课网\组件方式开发 Web App全站\组件开发源码\work\work4_H5ComponentBar\final-code
a45d48bd09eb78ec3fccec0aac9c4c92,E:\百度云盘3\学习资料\慕课网\组件方式开发 Web App全站\组件开发源码\work\work4_H5ComponentBar\original-code
ac862d30a6eff4fd11d24ae5c4da74f5,E:\百度云盘3\学习资料\慕课网\组件方式开发 Web App全站\组件开发源码\work\work4_H5ComponentBar\final-code\css
e3ef4e82686ecc2fade2311118666d7c,E:\百度云盘3\学习资料\慕课网\组件方式开发 Web App全站\组件开发源码\work\work4_H5ComponentBar\final-code\html
b7d0376eef870177129eb07426d9cf0a,E:\百度云盘3\学习资料\慕课网\组件方式开发 Web App全站\组件开发源码\work\work4_H5ComponentBar\final-code\js
e5ae8e51c924082bfd2ce224d497ab5e,E:\百度云盘3\学习资料\慕课网\组件方式开发 Web App全站\组件开发源码\work\work4_H5ComponentBar\original-code\css
5fdc540f749dedda358df2d7272db163,E:\百度云盘3\学习资料\慕课网\组件方式开发 Web App全站\组件开发源码\work\work4_H5ComponentBar\original-code\html
95f5f42123b41825c5061aa63c503484,E:\百度云盘3\学习资料\慕课网\组件方式开发 Web App全站\组件开发源码\work\work4_H5ComponentBar\original-code\js
d289a3135aa6d161900de020a427fc57,E:\百度云盘3\学习资料\慕课网\组件方式开发 Web App全站\组件开发源码\work\work7_H5ComponentPie\final-code
70385111ba5e1146a68651a542a0b99f,E:\百度云盘3\学习资料\慕课网\组件方式开发 Web App全站\组件开发源码\work\work7_H5ComponentPie\original-code
3e28a96e2828542355c98acb2f437ad6,E:\百度云盘3\学习资料\慕课网\组件方式开发 Web App全站\组件开发源码\work\work7_H5ComponentPie\final-code\css,E:\百度云盘3\学习资料\慕课网\组件方式开发 Web App全站\组件开发源码\work\work7_H5ComponentPie\original-code\css
3ca8d2e12216aea96c2809ff23d1473d,E:\百度云盘3\学习资料\慕课网\组件方式开发 Web App全站\组件开发源码\work\work7_H5ComponentPie\final-code\html
518119e31421dda6e4bc7de9d0131256,E:\百度云盘3\学习资料\慕课网\组件方式开发 Web App全站\组件开发源码\work\work7_H5ComponentPie\final-code\js
bc6899c78cd64010bc0f73fe6517d6f1,E:\百度云盘3\学习资料\慕课网\组件方式开发 Web App全站\组件开发源码\work\work7_H5ComponentPie\original-code\html
9423ea19e1ea4d68c1a418be220f30c5,E:\百度云盘3\学习资料\慕课网\组件方式开发 Web App全站\组件开发源码\work\work7_H5ComponentPie\original-code\js
42bacd6c887af9b30ca4ebc495e14a93,E:\百度云盘3\学习资料\慕课网\组件方式开发 Web App全站\组件开发源码\work\work8_2016Star\final-code
e91fd348ebc36847d722786a6160fd6a,E:\百度云盘3\学习资料\慕课网\组件方式开发 Web App全站\组件开发源码\work\work8_2016Star\original-code
2ce3be723a4b262b0513669522c20214,E:\百度云盘3\学习资料\慕课网\组件方式开发 Web App全站\组件开发源码\work\work8_2016Star\final-code\css
c67cf4a2ef9790354e0083e2d4a10b7f,E:\百度云盘3\学习资料\慕课网\组件方式开发 Web App全站\组件开发源码\work\work8_2016Star\final-code\imgs,E:\百度云盘3\学习资料\慕课网\组件方式开发 Web App全站\组件开发源码\work\work8_2016Star\original-code\imgs
50c02b3ccd8af627da178db89ee67239,E:\百度云盘3\学习资料\慕课网\组件方式开发 Web App全站\组件开发源码\work\work8_2016Star\final-code\js
c507a823d30989b45b4c274022cfd544,E:\百度云盘3\学习资料\机器学习作业\machine-learning-ex2
2a569f72847abd6fe1bd55acc2d7911f,E:\百度云盘3\学习资料\机器学习作业\machine-learning-ex3
98ff01211aab1e9daf1f5f06fc0930f4,E:\百度云盘3\学习资料\机器学习作业\machine-learning-ex5
3f87bf26086a27189678be72bf68c5f1,E:\百度云盘3\学习资料\机器学习作业\machine-learning-ex6
0271cf90ed9ff08756aba43746c15642,E:\百度云盘3\学习资料\机器学习作业\machine-learning-ex7
85bc61512062a92d8ba3fc019b9e9300,E:\百度云盘3\学习资料\机器学习作业\machine-learning-ex8
c4a68de3d527ca5a5071f2b021547e64,E:\百度云盘3\学习资料\机器学习作业\machine-learning-ex2\ex2
206d3b976cb9fba130b6b2183089cc4b,E:\百度云盘3\学习资料\机器学习作业\machine-learning-ex2\ex2\lib,E:\百度云盘3\学习资料\机器学习作业\machine-learning-ex3\ex3\lib,E:\百度云盘3\学习资料\机器学习作业\machine-learning-ex5\ex5\lib,E:\百度云盘3\学习资料\机器学习作业\machine-learning-ex6\machine-learning-ex6\ex6\lib,E:\百度云盘3\学习资料\机器学习作业\machine-learning-ex7\machine-learning-ex7\ex7\lib,E:\百度云盘3\学习资料\机器学习作业\machine-learning-ex8\ex8\lib
d622057c1e449ab3186196f746b05a40,E:\百度云盘3\学习资料\机器学习作业\machine-learning-ex2\ex2\lib\jsonlab,E:\百度云盘3\学习资料\机器学习作业\machine-learning-ex3\ex3\lib\jsonlab,E:\百度云盘3\学习资料\机器学习作业\machine-learning-ex5\ex5\lib\jsonlab,E:\百度云盘3\学习资料\机器学习作业\machine-learning-ex6\machine-learning-ex6\ex6\lib\jsonlab,E:\百度云盘3\学习资料\机器学习作业\machine-learning-ex7\machine-learning-ex7\ex7\lib\jsonlab,E:\百度云盘3\学习资料\机器学习作业\machine-learning-ex8\ex8\lib\jsonlab
fd098a0558f6611cb9388bcb10d47017,E:\百度云盘3\学习资料\机器学习作业\machine-learning-ex3\ex3
136a28fffe08d05924bb1b3f230fa231,E:\百度云盘3\学习资料\机器学习作业\machine-learning-ex5\ex5
777d618141a4ccf16eb596cfb77ca7f1,E:\百度云盘3\学习资料\机器学习作业\machine-learning-ex6\machine-learning-ex6
1d263283f29bea349e7bc9b040ef6583,E:\百度云盘3\学习资料\机器学习作业\machine-learning-ex6\machine-learning-ex6\ex6
63b56f88affe943f7c4077ac9e423124,E:\百度云盘3\学习资料\机器学习作业\machine-learning-ex7\machine-learning-ex7
732471950a0bb6d44860dcc5589430d5,E:\百度云盘3\学习资料\机器学习作业\machine-learning-ex7\machine-learning-ex7\ex7
abfd9321f53bc146ade91c073ff39f3b,E:\百度云盘3\学习资料\机器学习作业\machine-learning-ex8\ex8
8bdbbc4e5bf36ece6326f656b93e7bb5,E:\百度云盘3\学习资料\论文\12.22-1305
41fc3df743dd4880db7e87c1815d2d23,E:\百度云盘3\学习资料\论文\12.24-1703
d009ed05738650e99aebef024a9ad917,E:\百度云盘3\学习资料\论文\12.27-2131
8f6763a05046a6d5e06df56a8c41cd59,E:\百度云盘3\学习资料\论文\12.28-2157
eabd800551d35df3e00f099b0b14edc9,E:\百度云盘3\学习资料\论文\12.29-1044
c2236b0b6193c8a50cc715db9b72c2df,E:\百度云盘3\学习资料\论文\12.29-1208
ddd994466095db5be0295cfaa3e927cc,E:\百度云盘3\学习资料\论文\bin
c74b648246e48fbd7c7fdda922f96266,E:\百度云盘3\学习资料\论文\data
50cf7fea9692e3b86821ac83d33d3a38,E:\百度云盘3\学习资料\论文\data12.20
26d6341df7fe15dc5e986e64fb0a3a8d,E:\百度云盘3\学习资料\论文\data12.21-20.40
4794cc3461fd7883000e8d29f971366b,E:\百度云盘3\学习资料\论文\result
5c5fc83725ec2d30aaa3c0dc84275ebd,E:\百度云盘3\学习资料\论文\12.22-1305\result12.22-1305
552405a411a08a69e5a4d37f657ee0f3,E:\百度云盘3\学习资料\论文\12.24-1703\data12.24-1703
c6c5a057e84e8fd6d23e6feed761e1db,E:\百度云盘3\学习资料\论文\12.24-1703\result12.24-1703
11322187ad15a986f43e80dafd345e72,E:\百度云盘3\学习资料\论文\12.27-2131\data
8c4b781552a233a5e7447c4c5da66b30,E:\百度云盘3\学习资料\论文\12.27-2131\result
76fc47ef9054a90011e8ae5095245b88,E:\百度云盘3\学习资料\论文\12.28-2157\data
c13f307fa9d0edb0270de60a7d3a3d23,E:\百度云盘3\学习资料\论文\12.28-2157\result
dbad735f48b5becbac57e8b0ba10ebac,E:\百度云盘3\学习资料\论文\12.29-1044\data
9b9f46fd39539b582c5bfcff595e59df,E:\百度云盘3\学习资料\论文\12.29-1044\result
87afbf68ef2563a3056dbebcd320541d,E:\百度云盘3\学习资料\论文\12.29-1208\result
54d10f935d06cd1ed49e1d215a23079a,E:\百度云盘3\文档\文档
de04dae7677f7e8b32fffe2bfe2d000a,E:\百度云盘3\文档\记忆
e72f6358390baa32df0631a211a18867,E:\百度云盘3\文档\辞海
bb4b29738f531c0689b1c5a1b5121913,E:\百度云盘3\文档\文档\PPT模板
872b0d8b5fb35b66faddf753d8e65ab1,E:\百度云盘3\文档\文档\SeedCup-round1
820ebef9e0dd9de5bc732ce8932c2676,E:\百度云盘3\文档\文档\win8pro密钥
63b02055fc1f2a1f284f23004a3c54d1,E:\百度云盘3\文档\文档\已调final
d8ced586064e885b94828557b1f6b7b1,E:\百度云盘3\文档\文档\房地产泡沫
da842c6e8a563f9f2e13e4c8d3ed4c48,E:\百度云盘3\文档\文档\新生报到
7b6767ed8bfd171ec590ebb0a141ae3f,E:\百度云盘3\文档\文档\电子书
67507170416619f0e33edb8da25991a4,E:\百度云盘3\文档\文档\SeedCup-round1\源代码
e9581ccb95c11dadd0fa042089606bc7,E:\百度云盘3\文档\记忆\❤BWEB❤
a0d854f5f6075c743f8a4cc76109b28e,E:\百度云盘3\来自：MI 9\DCIM
c95d51d069d5c1a2bbc62f21f78cbaa9,E:\百度云盘3\来自：小度设备\小度在家（107249872）
4344a6ba6491c4e2b0da14608218eee5,E:\百度云盘3\毕业材料\参考材料
b41ddc2c22c078a0ee34578b6238e056,E:\百度云盘3\毕业材料\数据
485c40becc41f67f932446cdeb2443da,E:\百度云盘3\漫画\天降之物曼画·全年龄向·防恶意举报
1a2a1a8cc9f08b4c9e27823b49a2ed94,E:\百度云盘3\漫画\天降之物音乐集
e1313d5740b1a13e83fe25effe477679,E:\百度云盘3\漫画\天降之物曼画·全年龄向·防恶意举报\分集下载
fb04f46f728bd5d8ef170c7c87826479,E:\百度云盘3\漫画\天降之物音乐集\天降之物F 特典 1-6 合集
7e2295cc506159811e57803a709cbe76,E:\百度云盘3\漫画\天降之物音乐集\天降之物F 特典 1-6 合集\天降之物f特典BK 1-6合集
056730bc744055858c4300d957cd696e,E:\百度云盘3\视频\动漫
dc0dcc56591241ee1317abb69f57dc0f,E:\百度云盘3\视频\电影
fbc1b66b597d6679e39d0f64e1c3f506,E:\百度云盘3\视频\美剧
beb3cba9635b06977cd84078bb97c66c,E:\百度云盘3\视频\动漫\fate
acf7ef943fdeb3cbfed8dd0d8f584731,E:\百度云盘3\视频\动漫\fate\fate720P,E:\百度云盘3\视频\动漫\fate\魔法少女伊莉雅
a089f53b10f0b7825b35c9de37c2bc1a,E:\百度云盘3\视频\美剧\末日孤舰
