0b899d9c08cdf6fda848ac30f98e7c46,/Users/chopin/OneDrive/.DS_Store
d41d8cd98f00b204e9800998ecf8427e,/Users/chopin/OneDrive/Icon
3d0050b56f11b3051a1a5017f918e368,/Users/chopin/OneDrive/.849C9593-D756-4E56-8D6E-42412F2A707B
97cd3d4858c3a9feec1b287a8fc73cf0,/Users/chopin/OneDrive/其他/IMG_1736.JPEG
820cbb39b6ee39b4597b234d6f660750,/Users/chopin/OneDrive/其他/IMG_1741.JPEG
34c3ffd518ce14c704604e51709655d4,/Users/chopin/OneDrive/其他/340654.rar
5cf88b7bfbcc8d6cd881cc7aab920bbf,/Users/chopin/OneDrive/其他/.DS_Store
7816b5cd5efda4c397c5a1e67bd422c0,/Users/chopin/OneDrive/其他/IMG_1739.MOV
9d43a9342e6373833cec59009471fb56,/Users/chopin/OneDrive/其他/测试.zip
f0500cc4efa81973576edbb096cb9307,/Users/chopin/OneDrive/其他/IMG_1737.MOV
84d0e94fe325d448cc9fc2dfe701afe1,/Users/chopin/OneDrive/其他/IMG_1786.MOV
f4b0b62c1749f71cac34496df5c99429,/Users/chopin/OneDrive/其他/IMG_1785.MOV
0bb5bf14a80001850affb9d5818f85b8,/Users/chopin/OneDrive/其他/IMG_1742.MOV
86f0f65ad753fb89bca928eadb72f8da,/Users/chopin/OneDrive/其他/IMG_1740.MOV
4d76e8ab40cd55eac0b4e154c4331612,/Users/chopin/OneDrive/其他/YYD/无1题.wma
ae12bb9a3e103a9332a9b8c167e17380,/Users/chopin/OneDrive/其他/YYD/P50820-233900.jpg
5e169a4805ed14c22a870cc4dedb7e5d,/Users/chopin/OneDrive/其他/YYD/IMG_4734.JPG,/Users/chopin/OneDrive/其他/待分类/IMG_4734.JPG,/Users/chopin/OneDrive/其他/待分类/上海/IMG_4734.JPG
79b0f926a9257ecd1296f64814075bf1,/Users/chopin/OneDrive/其他/YYD/IMG_4735.JPG,/Users/chopin/OneDrive/其他/待分类/IMG_4735.JPG,/Users/chopin/OneDrive/其他/待分类/上海/IMG_4735.JPG
33dbe6c8dbc4b56ed89851cfb23a674a,/Users/chopin/OneDrive/其他/YYD/IMG_4731.JPG,/Users/chopin/OneDrive/其他/待分类/上海/IMG_4731.JPG
69a15139e6d21140e41db328a10837f8,/Users/chopin/OneDrive/其他/YYD/IMG_4732.JPG,/Users/chopin/OneDrive/其他/待分类/IMG_4732.JPG,/Users/chopin/OneDrive/其他/待分类/上海/IMG_4732.JPG
456b0eee1d86ea029b005b76a3ca9313,/Users/chopin/OneDrive/其他/YYD/IMG_4726.JPG,/Users/chopin/OneDrive/其他/待分类/上海/IMG_4726.JPG
fe90033d03b1bb8aba913bbac37bc994,/Users/chopin/OneDrive/其他/YYD/IMG_4727.JPG,/Users/chopin/OneDrive/其他/待分类/上海/IMG_4727.JPG
31f245a53a1904a2c6b7ed715572cb03,/Users/chopin/OneDrive/其他/YYD/2017.11.20/P71004-152800.jpg
f88330f6011c0c8c87f2a4853826bef0,/Users/chopin/OneDrive/其他/YYD/2017.11.20/mmexport1504790880471.jpg
b41476e94ebb6134ee045af954440aad,/Users/chopin/OneDrive/其他/YYD/2017.11.20/mmexport1504789174399.jpg
26ea5d535e2bebb2d7cdbd9edbe4936a,/Users/chopin/OneDrive/其他/YYD/2017.09/-26859d1b785f534a.jpg,/Users/chopin/OneDrive/其他/YYD/2017.11.20/-26859d1b785f534a.jpg
567d5b9a7a13c245ab78466537747ddc,/Users/chopin/OneDrive/其他/YYD/2017.11.20/mmexport1462169294111.jpg
e0995bc89963a1f59f7cec266b0e22d0,/Users/chopin/OneDrive/其他/YYD/2017.11.20/P71005-012325.jpg
ce0283f872432759bf83935cb8fbd22b,/Users/chopin/OneDrive/其他/YYD/2017.11.20/mmexport1462169434576(1).jpg,/Users/chopin/OneDrive/其他/YYD/2017.11.20/mmexport1462169434576.jpg
1ea20266d2d07cdd5c4215cc56a0c172,/Users/chopin/OneDrive/其他/YYD/2017.09/P70716-111050.jpg,/Users/chopin/OneDrive/其他/YYD/2017.11.20/P70716-111050-1.jpg,/Users/chopin/OneDrive/其他/YYD/2017.11.20/P70716-111050.jpg
8f72d98129b4cb7874a1507bac0aacf4,/Users/chopin/OneDrive/其他/YYD/2017.09/-45477027d33d91c8.jpg,/Users/chopin/OneDrive/其他/YYD/2017.11.20/-45477027d33d91c8.jpg
74926f3b6c5a8044ebb03170cc7caf02,/Users/chopin/OneDrive/其他/YYD/2017.11.20/mmexport1507637607603.jpg
e9d7c10f3dd5a4121d626209b8581075,/Users/chopin/OneDrive/其他/YYD/2017.09/P70716-111056.jpg,/Users/chopin/OneDrive/其他/YYD/2017.11.20/P70716-111056-1.jpg,/Users/chopin/OneDrive/其他/YYD/2017.11.20/P70716-111056.jpg
626962ad6bd04e25976bf40bc15eb15e,/Users/chopin/OneDrive/其他/YYD/2017.11.20/P60225-010359.jpg
7404eb14fd1fe11b29f92bc5a876ff8d,/Users/chopin/OneDrive/其他/YYD/2017.11.20/mmexport1462168771034.jpg
eec1c6a872c37561996caae4ba473010,/Users/chopin/OneDrive/其他/YYD/2017.09/-1cbd11619ae9b71.jpg,/Users/chopin/OneDrive/其他/YYD/2017.11.20/-1cbd11619ae9b71.jpg
9e151075c1b1182d1cfc00603a0ed1bb,/Users/chopin/OneDrive/其他/YYD/2017.11.20/P60225-010157-23.jpg
19e2ade326f4c88eb88da7c44a8da146,/Users/chopin/OneDrive/其他/YYD/2017.11.20/P71003-174355.jpg
b62b546efc1bbc5cf44109948a3b47ba,/Users/chopin/OneDrive/其他/YYD/2017.11.20/P60225-010401.jpg
e707d95b231b12fc09e7236a80602f73,/Users/chopin/OneDrive/其他/YYD/2017.11.20/mmexport1431275190058.jpg
cab6e12793b122451bb33628d2df8b6e,/Users/chopin/OneDrive/其他/YYD/2017.11.20/P71004-151217.jpg
57983dc691b5ce1aefa695b866bb2ca6,/Users/chopin/OneDrive/其他/YYD/2017.11.20/P71004-152737.jpg
66a9eb3a296c4733564bcc6530d823f2,/Users/chopin/OneDrive/其他/YYD/2017.11.20/mmexport1462169434576-001(1).jpg,/Users/chopin/OneDrive/其他/YYD/2017.11.20/mmexport1462169434576-001.jpg
725f41722b1d216df8db9f85c162a5df,/Users/chopin/OneDrive/其他/YYD/2017.11.20/-2599bbab35276640-001.jpg
49c35cf25b2a10a805070cb27f7d7920,/Users/chopin/OneDrive/其他/YYD/2017.11.20/P71003-170110.jpg
0681a3081cf2ffcd59b2d2d9ac4bcc23,/Users/chopin/OneDrive/其他/YYD/2017.11.20/P71003-170106.jpg
1c1bad929b273912937efc721ef5568e,/Users/chopin/OneDrive/其他/YYD/2017.11.20/P60225-010356.jpg
ba881760d0cba794131243275833d252,/Users/chopin/OneDrive/其他/YYD/2017.11.20/P60225-010339-01.jpg
a83e46aeaab4b9d57c06c213cc699caa,/Users/chopin/OneDrive/其他/YYD/2017.11.20/P71005-144938.jpg
27a353bbdfc0203fea2ae21ad0247f67,/Users/chopin/OneDrive/其他/YYD/2017.11.20/2a3b65e61b169633-001.jpg
bef81f226df0b86a497ba780e19ec594,/Users/chopin/OneDrive/其他/YYD/2017.09/mmexport1503917076361.jpg,/Users/chopin/OneDrive/其他/YYD/2017.11.20/mmexport1503917076361.jpg
5367e933efd748fb2431d05469411d4a,/Users/chopin/OneDrive/其他/YYD/2017.09/7b63b5c647f61151.jpg,/Users/chopin/OneDrive/其他/YYD/2017.11.20/7b63b5c647f61151.jpg
1df0a5e486ff152961e62c40d5765f5c,/Users/chopin/OneDrive/其他/YYD/2017.09/P70716-111229.jpg,/Users/chopin/OneDrive/其他/YYD/2017.11.20/P70716-111229-1.jpg,/Users/chopin/OneDrive/其他/YYD/2017.11.20/P70716-111229.jpg
839f0688cb0289cd8a2a31ba1ea507f8,/Users/chopin/OneDrive/其他/YYD/2017.11.20/P60225-010341.jpg
d71c855f095b39606a7c96a9189ef98e,/Users/chopin/OneDrive/其他/YYD/2017.11.20/P71004-151247.jpg
a5aa8e26222c5c91f19934ece0cdfcbb,/Users/chopin/OneDrive/其他/YYD/2017.11.20/mmexport1505534362957.jpg
3c2fd14065ed1868284671d11e319466,/Users/chopin/OneDrive/其他/YYD/2017.11.20/P71004-151330.jpg
6e1fc6d87c55f1828de3db8e227bb766,/Users/chopin/OneDrive/其他/YYD/2017.11.20/mmexport1504790875182.jpg
1f7493dfddab9eb5025df4af8631cf28,/Users/chopin/OneDrive/其他/YYD/2017.11.20/3e639c06fd74c3bf.jpg
18e1269bfe8198f6f01113bcd07e6883,/Users/chopin/OneDrive/其他/YYD/2017.11.20/P71005-012315.jpg
19f09485232b8a98fb5b1464ad981c8f,/Users/chopin/OneDrive/其他/YYD/2017.11.20/P71004-151914.jpg
3515a607ecf7d721fab5ba65109cf0c1,/Users/chopin/OneDrive/其他/YYD/2016.08/P60819-135612.jpg
7518fc14d09e75205416f576840ad4ef,/Users/chopin/OneDrive/其他/YYD/2016.08/P60814-112905.jpg
1357c3ee43ed7c08379973caa924e02e,/Users/chopin/OneDrive/其他/YYD/2016.08/P60814-113028.jpg
28d356f879a67af7307e79d00dd24522,/Users/chopin/OneDrive/其他/YYD/2016.08/P60814-113001.jpg
6771835709b71a630dd71cf4492b478c,/Users/chopin/OneDrive/其他/YYD/2016.08/P60812-132155.jpg
c8fb93b45b356e8e0b4fc9d1293d52f0,/Users/chopin/OneDrive/其他/YYD/2016.08/P60818-203140.jpg
44b9188b48419d1f3d3947466b80558f,/Users/chopin/OneDrive/其他/YYD/2016.08/P60814-112918.jpg
4134f0f4883d40b910e8ab99be73e5f7,/Users/chopin/OneDrive/其他/YYD/2016.08/P60812-132153.jpg
e0c48ec176ea91cf537d7590d768695a,/Users/chopin/OneDrive/其他/YYD/2016.08/P60818-203421.jpg
cdc6c4628d85e320356a9ba36865d9d9,/Users/chopin/OneDrive/其他/YYD/2016.08/P60814-112831.jpg
e7e8d1650f7ea6becfa1548257c49e89,/Users/chopin/OneDrive/其他/YYD/2016.08/P60814-112947.jpg
2a3f40ac6f57fc703ebb03ea037454b7,/Users/chopin/OneDrive/其他/YYD/2017.09/S70828-000911.jpg
11bb90fae2ce96c33bdda7a1ecf25624,/Users/chopin/OneDrive/其他/YYD/2017.09/S70828-000907.jpg
c74a571301f8893e0ffedaae033a1b6a,/Users/chopin/OneDrive/其他/YYD/2017.09/S70828-002427.jpg
31d32bef22722299a518b21ee71abeed,/Users/chopin/OneDrive/其他/YYD/2017.09/S70828-002421.jpg
3a2ad3f3f0ffa3f17070153c8706d696,/Users/chopin/OneDrive/其他/YYD/2017.09/S70828-000941.jpg
8de1b1728ca38af27ba07ddcad2d8f3b,/Users/chopin/OneDrive/其他/YYD/2017.09/S70828-000934.jpg
0fd9c1fb8c0f02ff5165f68a4a0eecce,/Users/chopin/OneDrive/其他/待分类/IMG_4908.JPG
7e019d243793874ad69599aee671e1e9,/Users/chopin/OneDrive/其他/待分类/IMG_4909.JPG
dbf9bf194469ab7046513538b405067e,/Users/chopin/OneDrive/其他/待分类/IMG_5096.JPG
0fd9043f0e145799f44f31adab7252b6,/Users/chopin/OneDrive/其他/待分类/IMG_5097.JPG
e50a3a666e60f9ab73963fb5fe5a871b,/Users/chopin/OneDrive/其他/待分类/IMG_5098.JPG
6b41659cf45ae7268ca4a73984c635d6,/Users/chopin/OneDrive/其他/待分类/IMG_4910.JPG
f164476a6e3b25a8f833c8f3080093ce,/Users/chopin/OneDrive/其他/待分类/IMG_4736.JPG,/Users/chopin/OneDrive/其他/待分类/上海/IMG_4736.JPG
9a656ee42b0808385e4f6e59cfae3ee8,/Users/chopin/OneDrive/其他/待分类/IMG_4911.JPG
cf1022f175f3c529e1ce982afc2ef1b4,/Users/chopin/OneDrive/其他/待分类/IMG_4907.JPG
d082decc88d114ff95063feed01de5d3,/Users/chopin/OneDrive/其他/待分类/IMG_4913.JPG
48a12510cec9ec96728a391cbb8cf084,/Users/chopin/OneDrive/其他/待分类/IMG_4912.JPG
3ce2b685ccef4bf207d203bc3d3ec5b8,/Users/chopin/OneDrive/其他/待分类/IMG_4731.JPG
814d512814aa2ab0787e872a70dc3840,/Users/chopin/OneDrive/其他/待分类/IMG_4914.JPG
7da890127ec78f846dc22b449b7b3660,/Users/chopin/OneDrive/其他/待分类/上海/IMG_4729.JPG
ec94db65040404b15d6d6e4dbe36f007,/Users/chopin/OneDrive/其他/待分类/上海/IMG_4728.JPG
b6c14225a892aa1a2031da7a3c700c32,/Users/chopin/OneDrive/其他/待分类/上海/IMG_4725.JPG
f72882306f1f1ef64c300de3cd2c638c,/Users/chopin/OneDrive/其他/TPW/P41225-113344.jpg
edcca5814226942f010d19933f91dac4,/Users/chopin/OneDrive/其他/TPW/DSC00254.JPG
3c220d638fca70f4c48cb69cdb118161,/Users/chopin/OneDrive/其他/TPW/DSC00253.JPG
61bd839dfbb91df79e66f178a0895470,/Users/chopin/OneDrive/文档/.DS_Store
4c050702b1882dedafb54ca40aed1380,/Users/chopin/OneDrive/文档/勤邦 的笔记本.url
